name,longitude,latitude
Circle K & Minimart,-117.1907772,34.0573651
,-117.2256087,34.0485747
,-117.1562993,34.0413876
Arco,-122.420268,37.7684682
Valley Oil,-122.0701271,37.381165
,-118.2372374,34.1032728
Arco,-122.078426,37.4060647
Arco,-121.7879328,37.6774981
Shell,-121.7868756,37.6777037
76,-122.2503714,37.8373034
Car Service,-122.2372221,37.8407536
Chevron,-122.2615441,37.8404305
Mobil,-122.2700151,37.8394465
Fuel 24:7,-122.2701261,37.8400252
,-122.2334503,37.7755014
Chevron,-122.2097519,37.8255858
Chevron,-122.2441212,37.8579312
,-122.2467567,37.84382
Valero,-122.35037,37.581745
Chevron,-122.3341399,37.5803881
,-122.3634177,37.5872485
,-122.3623912,37.5876457
,-122.3371847,37.578398
Valero,-122.3627774,37.5887203
76,-121.8623645,37.2210474
Shell,-117.954905,33.7165414
,-120.230955,37.8385166
Shell,-122.087399,37.3731217
Chevron,-117.2158525,32.8670766
World,-117.2041575,32.8548259
Shell,-117.204072,32.8543944
Mobil,-117.2049467,32.8542675
,-117.1843763,32.8227832
Clairemont Auto Care,-117.1950836,32.8342381
,-117.1944828,32.8342381
,-117.1950936,32.8348112
Chevron,-121.6964249,38.5510626
Chevron Mission Car Wash,-118.0903715,34.0909625
Arco,-122.3831517,37.6003825
Patriot,-123.7905532,40.0093833
Arco,-122.30565,37.551753
Arco,-117.2255432,34.0635637
Shell,-117.2264817,34.0655247
Shell,-117.2092079,34.0646722
Touchless Gasoline,-122.2664016,37.8684979
Arco,-121.7593854,38.546829
Chevron,-117.1808061,34.0623716
Chevron,-122.1518909,37.4792248
,-123.2041124,39.2662359
Shell,-122.4243389,37.764585
,-118.1429756,33.8798779
Chevron,-118.0875412,33.831782
,-118.099086,33.7423831
,-118.105936,33.7467724
,-122.009687,37.3382722
,-118.105441,33.887245
,-118.1249503,33.8890904
Costco Gasoline,-122.4015096,37.6405002
,-122.2668563,37.8554553
Arco,-122.260754,37.8503278
Arco,-122.244179,37.7621609
76,-122.241209,37.7665265
Cal Gas,-121.8752593,37.3268208
Arco,-121.879584,37.3411416
,-122.0887173,37.3540568
Chevron,-123.2084302,39.1913805
Shell,-123.1993253,39.151165
Rotten Robbie #31,-121.5694177,37.0210099
Chevron,-117.9540019,33.7158403
Mobil,-117.9549989,33.7158375
,-122.031886,37.3524507
Chevron,-121.56538,37.0008405
7-Eleven,-121.8806386,37.3406041
Chevron,-122.1177536,37.3775792
Chevron,-121.557907,36.984475
,-121.5561206,36.9848483
,-122.3980556,37.7798017
76,-121.1694652,38.8352662
Valero,-121.1680404,38.8359883
,-114.5956965,34.8261727
Chevron,-122.2745283,37.8852816
Chevron,-122.4729103,37.7181761
Shell,-122.4427831,37.7177867
VP,-121.5749645,37.0191388
Jesse's,-121.402366,36.8491189
Golden Eagle,-121.6501727,37.1248933
Quest Mart,-123.2085626,39.1594319
Shell,-120.8019829,38.3783312
Chevron,-121.637068,37.1306932
Chevron,-118.073949,34.1030456
Mobil,-118.073091,34.1034245
76,-118.07328,34.1225451
Arco,-118.0729796,34.1499462
76,-121.6099513,37.083717
76 Gas Station,-121.6241447,37.100976
,-121.6651215,37.1445217
76,-122.3606694,37.5886437
Valero,-122.3002441,37.9921072
Shell,-122.3115928,37.9884083
,-122.2956627,37.9791807
Golden Gate Petroleum,-122.2833288,37.9605327
,-122.3178499,37.9644305
,-121.5819534,37.0132212
Chevron,-122.317717,37.9866117
,-122.3320017,37.9786311
,-122.3250443,37.9630804
,-122.3130014,37.976607
Shell,-122.365114,37.5963082
Ranier's Service Station,-122.1295901,37.4544367
Arco,-122.0227705,37.566539
76,-122.0261522,37.5681989
Mobil,-119.1131946,37.9472716
76,-122.2789461,37.8911539
76,-122.3043584,37.9021882
R&R,-122.298693,37.9016186
,-122.309519,37.9009497
Shell,-118.3182378,34.1778393
Shell,-122.2826185,37.8023325
Chevron,-122.2754621,37.8088829
Mission 76,-118.0912003,34.0914214
USA Gasoline,-118.9173442,34.3958866
Chevron,-118.9180341,34.3958016
Circle K,-118.9115281,34.3973101
7 - Eleven,-118.9229522,34.3958653
Shell,-118.927553,34.395178
Chevron,-122.7140874,38.386672
Rotten Robbie,-122.7154349,38.3874457
Nyack Shell,-120.6787786,39.291968
Shell,-121.0759245,38.9038182
Shell,-122.4236096,37.7403703
Shell,-121.0598603,38.9183697
Valero,-117.1909435,34.0631935
Arco,-118.1168861,33.8732434
,-117.8820081,33.6662881
,-117.9074196,33.6804508
,-117.9073767,33.6798795
,-117.9081749,33.6797866
Chevron,-117.8853357,33.6821681
,-117.8859959,33.682687
Chevron,-117.8860224,33.6798397
Chevron,-122.2506126,37.4294093
Shell,-117.711324,33.5268906
76,-117.712213,33.5265253
7-Eleven,-117.152859,32.832383
USA Gasoline,-118.0775016,34.1032054
Shell,-118.072831,34.1300433
,-122.0682149,37.3216867
76,-118.0993656,34.1031321
76,-118.0737443,34.1499369
,-121.0162696,38.8872665
Shell,-117.083441,34.8518589
Chevron,-118.4219203,34.2455629
Chevron,-119.025986,35.2672774
76,-122.3663721,37.5844628
,-118.099333,33.8325235
#1 Gas,-122.273378,37.8730923
Shell,-122.0751723,37.3781204
Hilltop,-121.7597078,36.8741542
Valero,-121.9567864,36.9843969
Chevron,-121.9565025,36.9825909
,-121.7538276,36.9071679
,-121.753347,36.9066738
Quickstop,-121.7499138,36.9043403
Shell,-117.1807121,34.0575158
Shell,-122.4518447,37.7815425
,-121.7341586,38.5488231
Shell,-122.0216947,36.9797568
Rod & Ros,-122.0110947,36.9812589
76,-121.9651116,36.9808578
Arco,-121.887701,36.9745011
76,-122.0357725,36.9722889
76 (Om's Market),-122.0322076,36.9760263
Rotten Robbie,-122.0431888,36.9636595
Valero,-122.045279,36.9622061
Chevron,-120.8422758,37.0566894
Kwick Serve,-120.4775555,37.0829258
Pilot,-120.1326253,37.0187478
Chevron,-119.8846331,36.8084557
76,-119.8634415,36.8087031
Chevron,-119.8621969,36.8079334
Shell Gas Station,-120.0744833,36.9761583
Chevron,-120.8399589,37.0571945
,-122.1445583,38.7362476
Sav On Gasoline,-122.0234614,36.9843708
Valero,-122.0231448,36.9835434
Valero,-122.0043858,36.9812502
Costco Gasoline,-122.0359603,36.9847207
76 Gas,-122.4984557,37.7792862
APCO Gasoline,-122.0417144,36.9646926
Gas & Shop,-122.0431356,36.9630144
Valero,-122.7146201,38.331753
,-116.9725849,33.8029936
Exxon,-117.0071117,33.7478896
,-116.977713,33.7477511
Beacon,-121.9761895,37.2942537
USA Gasoline,-121.9657264,37.2945483
,-122.2897069,37.8396119
76,-122.0892764,37.6313191
,-122.3084439,37.9115425
,-122.3190269,37.9256737
,-122.3193873,37.9262491
Chevron,-121.8033083,37.2374172
76,-121.8033942,37.2366382
USA Gasoline,-121.8616305,36.6040599
,-121.7501547,36.7602868
Chevron,-121.7317359,38.5401828
Shell,-121.7380166,38.5408685
Chevron,-122.458522,37.7809712
Shell,-122.467663,37.7806252
Devco Oil,-122.0317856,36.9863649
Shell,-121.9895087,36.9851604
Z Ma Self Service Gasoline,-121.9912244,36.9792673
USA,-121.990012,36.9849926
,-121.7237447,37.7130588
Gas & Shop,-121.7251667,37.711389
,-121.7237294,37.7174032
SP,-122.2944486,37.8753686
EconoGas,-122.2951245,37.8682313
,-122.5033077,37.5958635
Chevron,-122.4864181,37.6139846
Shell,-122.1958617,37.4239446
,-122.3792687,37.6045821
7-Eleven,-122.4775503,37.6597649
,-121.7590362,38.5603759
Chevron,-121.4056348,38.4094884
Shell,-122.6453578,38.2342168
Arco,-121.6665263,36.7919869
Chevron,-121.6684403,36.7914645
Golden Gate Gasoline,-121.7499189,36.9048143
Shell,-122.025463,37.0427054
Shell,-122.0246677,37.0430802
Arco,-121.3134594,38.7720282
Shell,-122.2082123,39.7520979
,-119.2206065,34.1971647
,-119.2205828,34.19802
Chevron,-121.4285517,38.2257428
Shell,-121.394186,38.1150084
76,-121.3939446,38.1139743
76,-121.2813162,37.8963852
,-121.2767677,37.854446
Chevron,-121.2876465,37.8259952
Chevron,-121.2657681,37.5403772
Shell,-121.9399171,37.293804
,-117.24046,32.7975026
,-117.2405802,32.7981591
,-121.9964963,37.3871918
Mobil,-118.3176633,34.0983921
,-117.1227178,33.1309165
Safeway,-121.9085613,36.9794556
Chevron,-121.9079824,36.9798223
Chevron,-121.9360122,36.9893427
76,-121.912211,36.9754955
Mega Fuel,-117.1633923,32.8322424
Chevron,-117.1641906,32.8329925
Chevron,-116.7804301,32.8416212
Shell,-122.193075,37.4029334
,-117.0564414,33.9929959
,-117.0575829,33.993615
Shell,-117.0569284,33.9935429
Fastrip,-117.0626914,34.0043308
Shell,-121.8737261,37.3739373
Chevron,-121.8730566,37.3745785
Chevron,-121.8430681,37.3695588
76,-121.8437814,37.3702295
Chevron,-121.8263274,37.3508882
Arco,-121.8581834,37.6690824
Arco,-117.0315412,32.6608225
,-117.0198475,32.6718866
AM/PM,-121.8906817,37.2595325
Chevron,-121.897737,37.2552697
76,-117.185999,32.8772278
Shell,-118.2610421,34.0430344
Mash Gas and Food,-122.2074539,37.823072
,-121.8824231,39.7423375
,-121.8316199,39.7243165
,-121.8223158,39.7347461
Shell,-121.7728477,36.9350467
,-121.7739913,36.9347665
Valero,-121.7701646,36.9318736
76,-122.0322961,37.259503
,-121.8964878,37.657929
,-122.2014042,37.4314894
Shell,-118.8759938,34.1788004
Alliance,-118.8756578,34.1809404
Arco,-118.8745876,34.1868
Shell,-121.9854845,37.526043
76,-122.240702,37.7362794
76,-122.0064486,37.5270075
,-118.3299088,34.1611268
,-121.9502093,37.297537
,-121.9505952,37.3012149
76,-118.1348002,34.0791597
,-121.3208976,38.0106491
Scotts Valley Gas & Mart,-122.0259645,37.043669
Kensington Service Station,-122.278244,37.903173
Shell,-122.00605,37.0629373
Chevron,-122.0050994,37.0627785
Valero,-122.0691833,37.0514394
76,-121.9770795,37.2862899
Shell,-121.9770709,37.2857163
Mobil,-117.5750482,34.1109548
Haven 76 Tire & Service Center,-117.5753745,34.1375491
Haven Mobil,-117.57639,34.1395942
Shell,-122.0658412,37.5978827
Patriot Gasoline,-124.0890717,40.8714601
76,-124.0915993,40.8823701
Arco,-117.2643781,33.0683306
Shell,-117.2646151,33.0672432
,-121.7276129,36.5782687
Beacon,-121.6647894,36.6453806
Chevron,-121.6666286,36.7008158
AMPM,-121.6647317,36.7215405
Chevron,-122.4909243,37.6459113
,-120.1281314,34.5991685
Brown's Corner Fuel,-123.3451834,39.3880889
Chevron,-123.4803931,39.6861691
Chevron,-122.0736036,37.0533022
Corner Stone,-122.0731142,37.0531605
Chevron,-118.0188739,34.1509608
,-118.9667338,37.6483438
Mobil,-122.416194,37.748534
Chevron,-123.8057927,39.4305121
,-121.170948,39.2020385
Shell,-118.3675892,34.2212475
76,-118.158332,34.0159862
,-117.3610794,34.1921426
,-118.0639853,33.9894323
,-118.0671935,33.9917307
Quik Stop,-122.0094977,37.0591238
Valero,-122.0100552,37.0593911
Ralph's Gas,-117.2337415,33.571271
Chevron,-117.2078427,33.5632828
Chevron,-117.9885981,33.9421503
,-117.9326775,33.9388101
76,-124.1766584,40.7939099
Chevron,-124.1839825,40.7829689
Patriot Gasoline,-124.1533504,40.8050278
,-117.5852583,34.0987791
,-121.9962006,37.3963856
Gas 4 Less,-124.0877294,40.8900821
Patriot Gasoline,-124.0832852,40.9048524
,-121.7858993,38.5603732
,-118.0380973,34.0358721
,-118.0381327,34.0366255
Chevron,-122.0005615,37.5329294
Valero,-121.9986802,37.5369734
Chevron,-118.455284,35.7076899
,-117.4034719,34.2238888
,-117.402612,34.2240862
7-Eleven,-117.3604452,34.1916076
Chevron,-122.0643224,39.0243402
Texaco,-118.454754,35.70836
,-121.9599259,37.3606692
,-121.96207,37.3618545
Arco,-121.9592038,37.3559874
,-117.2025748,34.046303
Flyers,-122.170651,37.7093073
Shell,-124.1011526,40.9343442
,-118.1232681,34.0782779
Mobil,-118.1086787,34.0796039
,-122.0133697,37.5437281
Arco,-118.0999171,34.0794905
Mobil,-118.0734813,34.0805516
,-118.0468226,34.0770355
Chevron,-118.1527138,34.1160705
Arco,-118.1608601,34.1160405
,-118.0000315,34.0514289
,-117.9990788,34.0514917
,-117.9752705,34.0348258
Chevron,-118.218093,33.824025
76,-118.1498499,34.1118677
Arco,-118.17046,34.0190321
,-118.1739212,34.0444264
,-118.1727227,34.0599944
ARCO,-122.2735539,37.5233044
Shell,-121.9321669,37.286698
Shell,-121.8382792,38.0025562
Chevron,-122.2853781,37.9959059
76,-122.2621042,38.0216298
,-117.6412359,34.0958644
,-117.5929986,34.1219656
Sam's Club,-117.5587626,34.0741953
,-117.5507214,34.0765628
Costco Gasoline,-117.5485293,34.0776464
,-117.5458822,34.0767726
,-118.1469155,34.127818
Ralphs Gas Station,-118.131872,34.169269
76,-118.132893,34.1574938
,-118.121091,34.149778
Chevron,-118.14698,34.135474
76 Gas Station,-122.4070736,37.7643035
Shell,-122.4077362,37.7647445
Arco,-118.2843133,34.0354024
Shell,-121.7840801,37.9946324
,-117.5485383,34.1069467
Chevron,-118.1809464,34.1145924
,-117.071567,32.621011
,-117.026958,32.775004
76,-117.0432544,32.742952
St. Clair Valero,-117.039396,32.551763
Go Gasoline,-116.995368,32.839026
Shell,-117.075989,32.985317
Mobil,-117.110955,32.583582
,-117.202291,33.01925
Arco,-117.3379136,33.1519427
Arco,-117.365031,33.204416
76,-116.765454,32.835777
,-117.1524215,32.9571173
Arco,-117.3537542,33.1952912
,-117.072048,32.62022
,-117.091245,32.603967
Arco,-116.950586,32.80805
,-117.258633,32.9957215
Shell,-117.12119,32.917637
Chevron,-116.9180982,32.8124009
Chevron,-117.250407,32.979255
,-117.11287,32.937727
Chevron,-117.23364,32.951921
USA Gasoline,-116.9833278,32.8383276
Emerald Oil,-117.033568,32.781268
Top Fuel,-117.066189,32.60718
Chevron,-117.0425133,32.7422368
,-117.099057,32.640209
,-117.041508,32.658108
USA Gasoline,-117.1011793,32.7534255
,-117.100501,32.754676
Shell,-117.046248,32.628799
Arco,-117.1933743,33.1328524
,-117.149813,32.713993
Costco Gasoline,-117.127294,32.782955
Arco,-116.959978,32.807335
Revco,-116.9330245,32.7924539
Arco,-117.1975569,33.150965
Shell,-117.077427,32.980427
Arco,-117.0956258,33.1168797
,-117.098098,32.790141
Mobil,-117.3881599,33.2086198
Shell,-117.126258,32.763587
USA Gasoline,-117.123483,32.748218
XCEL,-116.383379,33.256133
,-117.099452,32.75482
Arco,-117.2377781,32.9349214
Valero,-117.2850266,33.0479604
Shell,-116.765482,32.835189
4S Ranch Gas Station and Car Wash,-117.111438,33.014927
,-117.5441554,33.8482269
76,-117.1299037,32.711918
Chevron,-117.024499,32.614694
,-117.108249,32.936757
Encinitas Chevron,-117.2839392,33.0485375
76,-117.0627495,32.9521417
Sky Fuel,-116.918285,32.811851
,-116.9525742,32.5692121
Kwik Serv,-121.5511661,39.1005241
Arco,-121.2739512,38.7443698
Mobil,-118.152366,34.095561
,-117.1984694,34.0697622
Speed Stop,-121.9037619,37.5618131
Shell,-122.2329639,38.0774963
,-122.2338623,38.0841895
,-116.2696749,33.7068235
Arco,-121.2910003,38.7297243
Chevron,-121.2899909,38.7297885
76,-121.2747612,38.7442442
,-121.6181506,39.140904
Shell Gas,-117.1777703,33.5559616
76,-122.1464193,39.1564464
,-122.1458185,39.1555438
,-122.1612465,39.1602026
,-118.1534394,34.0316582
,-118.1541477,34.031921
,-118.2161906,34.0429281
Valero,-118.2121714,34.0403747
,-118.2919862,34.0692525
,-122.263522,37.5180292
,-118.2987425,34.0692174
Chevron,-118.2698071,34.0667917
Shell,-118.2675191,34.0704341
,-118.262762,34.0780532
,-118.2604912,34.0819143
7-Eleven,-118.1603155,34.0002072
Mobil,-118.2390921,34.0202517
Shell,-118.229574,34.0259251
,-118.220036,34.0729235
USA Gas,-118.2171757,34.0733788
,-118.212097,34.0740022
,-118.208118,34.0735207
,-118.207495,34.0735162
,-118.1879442,34.0859145
Arco; AM/PM,-121.2940664,38.7607875
,-121.3045055,38.7742053
Texas Gasoline,-121.4016757,36.8565064
Alliiance Mini Mart,-121.3220692,36.7905462
76,-122.4529257,37.7229871
Shell,-118.199801,34.106293
,-118.130579,34.100907
Chevron,-118.396476,33.916032
,-118.5558154,34.0388953
76,-118.5547532,34.0389131
Shell,-121.2588941,38.7588611
Chevron,-121.2504925,38.7516254
76 Roseville Station ,-121.255216,38.7615798
76,-121.2663673,38.7726779
,-121.2648449,38.7730292
,-121.9928352,37.9653295
,-118.470846,34.0254516
,-118.4703015,34.0250746
,-118.4696167,34.0253108
,-121.271954,38.8045025
7-Eleven,-121.2829778,38.8109777
Chevron,-121.2813363,38.7888409
,-118.1517731,33.9236609
,-118.152402,33.9239715
,-118.1521619,33.9245078
,-118.143823,33.9351964
,-118.1373564,33.9428147
,-118.1279737,33.9797975
,-118.1164445,33.9672019
,-118.1236087,33.9755145
,-118.1605421,33.9108748
,-118.1682938,33.8894853
,-118.2067984,33.8889994
Arco - Gas Station,-118.1933586,33.888391
Alameda Fuel,-118.2196673,33.888908
,-118.2504997,33.8886133
Valero,-122.4648289,37.7405002
Alpine Mobil,-118.289607,33.8416923
,-118.2914879,33.8732866
,-118.2906301,33.8318934
,-118.2899055,33.8312533
,-118.290712,33.8099169
,-121.3131507,38.7958924
Chevron,-121.3146751,38.7958529
Fastbreak Express,-122.2921859,37.5543742
Fuel Depot,-119.7888565,34.4441534
Conserv Fuel,-119.7508228,34.4382693
,-119.9000931,34.4330884
,-119.758481,34.4401579
,-119.7397863,34.4402129
Specialty Solid Waste CNG Station,-121.9574586,37.3815307
,-121.9326897,37.3725036
,-117.8293158,34.1136567
,-117.8294153,34.1289011
,-117.8294023,34.1282691
,-121.2885672,38.7850861
,-117.7946254,34.1228647
United Oil,-117.206523,32.8280005
,-122.0232071,37.3348357
Shell,-121.9658959,37.5370802
C&R,-117.1752394,32.8340941
Arco,-117.122514,32.755645
76,-117.1260583,32.7556171
Shell,-122.2442463,37.8192124
76,-122.2908563,37.8513679
Chevron,-122.277937,37.8259274
,-122.2952911,37.8386541
Chevron,-121.2702017,38.7489257
,-119.0093182,34.2114567
,-119.0055792,34.2166159
Chevron,-121.9610205,37.2633894
Superior Car Wash & Detail Center,-117.9324126,33.6279324
,-119.0186672,34.231182
,-117.9305748,33.6173713
Circle K,-118.0628313,33.7119792
,-118.121994,33.7751055
Alliance Gas,-121.8630164,36.5963438
,-118.2031725,33.8745344
,-118.1861502,33.8809862
Chevron,-121.327342,38.649438
,-118.1982942,33.7755663
Chevron,-121.7923679,36.6837821
,-118.1933586,33.790155
,-118.1889372,33.7895803
,-118.1978433,33.7901403
,-121.330233,38.648166
Shell,-121.2688449,38.6150645
Chevron,-121.2694536,38.615804
Chevron,-122.4645136,37.6637126
,-122.0348847,37.6187226
Berri Brothers,-118.0741563,33.7206475
,-117.7849879,33.5428122
,-124.1147309,40.9565448
Chevron,-121.889072,40.4923951
,-118.0812468,34.0110129
Chevron,-118.1308157,34.0369958
,-118.1338073,34.0219969
,-118.1336001,34.0225562
Chevron,-117.6670813,33.6825054
Shell,-122.2275375,38.1238178
,-118.1226438,34.0695116
,-118.1228341,34.0858508
Mobil,-118.0820987,34.0404232
,-118.0639483,34.0520505
,-118.0646934,34.0515189
,-118.0731015,34.0986689
,-118.0651484,34.0629899
,-119.0191135,35.4216109
,-122.2539886,37.8201843
,-122.2535419,37.8194483
Arco,-117.5752466,34.0341814
,-117.5752129,34.0328191
,-118.1255289,33.8781757
,-118.1249898,33.8781913
Costco Gasoline,-121.1081642,38.6443307
Chevron,-123.3516143,39.404429
ARCO,-123.3518111,39.4038309
,-123.3548055,39.4151079
,-123.3550201,39.4185394
,-117.1036781,32.8297697
Mobil,-118.2795535,34.0783324
Arco,-121.9952515,37.3457515
Valero,-122.3099753,37.9008877
Chevron,-122.0146902,37.3518388
,-117.6997168,33.4671857
Mobil,-117.6462792,33.5635182
,-117.6314802,33.5831561
AMPM Gas & Minimart,-117.1233022,32.7483149
Econo,-122.4411575,37.6185538
Chevron,-117.8753187,33.6614957
Shell,-117.7518202,34.0732679
Chevron,-117.7526633,34.072927
76 Union,-121.7516186,36.760716
Chevron,-121.056527,38.9229658
,-121.0562883,38.9235899
,-118.0081842,34.0311202
Laguna Hills Car Wash,-117.6916949,33.6023925
,-117.7170088,33.5272806
,-117.7237153,33.5582926
,-117.7245455,33.6100157
Chevron,-117.0664807,33.0680042
,-118.0998282,34.0751258
Shell,-117.2309984,32.9373868
,-117.4528207,33.7463996
Alliance,-122.360277,37.1656293
,-117.83775,33.855871
,-117.8154952,33.8531494
,-117.522421,33.8360035
Shell,-117.4867725,33.7786366
Mobil,-114.6247154,34.8511774
Quik-Stop,-121.4215533,36.8533105
,-122.5154627,37.9389489
,-117.5398146,33.8677808
USA Gasoline,-117.247565,32.7450916
Arco,-117.3666472,33.6840393
Chevron,-117.6629661,33.4977509
Shelter Cove General Store Gas,-124.0520752,40.036551
,-119.1342533,36.1368688
Shell,-119.0535163,35.8940378
Shell,-118.4748244,35.6264395
Chevron,-117.541085,34.9924643
Arco,-117.5374287,34.9916674
,-117.4087682,34.5723404
,-117.3982866,34.5354214
Arco,-117.3996667,34.4104997
Chevron,-115.7201089,33.6608358
Shell,-117.178173,33.5738112
Shell,-114.6059148,33.6081592
,-118.4072623,33.7491363
7-Eleven,-117.0930052,33.4819424
76,-116.8864871,34.9040694
Arco,-119.0384916,35.368242
Chevron,-119.2662853,35.8738985
Shell,-119.3827751,36.296585
Shell,-119.4841589,36.4457037
Valero,-119.5165055,36.4894029
Arco,-121.294133,37.8122423
American Gas - Mini Mart,-118.0507293,34.0988332
Baldwin Gas & Food Mart,-118.0485115,34.0904634
,-118.0534304,34.0745997
,-118.0420016,34.068038
,-118.0494964,34.0408761
,-118.0785747,34.0166542
,-118.0842166,34.0018481
,-118.0900256,33.992506
Shell,-121.6158371,36.6467476
Valero,-121.6280981,36.6679611
,-118.126317,33.9983562
,-118.1231668,33.9970351
,-118.1242362,33.9967604
,-118.5180594,34.0276191
Shell,-122.4637864,37.6636228
,-122.4368182,37.6301352
,-122.4363728,37.6303304
,-118.743722,34.0332138
Chevron,-118.843764,34.0316858
Quick Stop,-121.7435557,36.9363696
,-119.1602761,34.1965346
,-119.1596353,34.17374
,-121.788044,36.9410397
Mobil,-119.157837,34.2224569
7-Eleven,-122.2510011,37.8276464
,-119.2609533,34.2727885
Chevron,-119.248239,34.2732782
,-119.2667891,34.2733888
Shell,-118.2914678,34.1007151
,-119.2943778,34.2785003
Chevron,-118.0577893,36.5841888
,-119.3000897,34.4004116
Thrifty Gas Station,-119.300029,34.3983342
,-119.2894544,34.4226352
,-122.4287862,37.6230403
Mobil,-116.6798033,33.5546865
Pala Gas Station,-117.0871243,33.3642103
,-118.1628772,34.8639791
Costco Gasoline,-117.2756667,33.1878613
Arco,-117.4877757,33.7746325
Rotten Robbie,-121.8467905,37.4003521
Chevron,-121.7970997,37.3245861
76,-121.7922078,37.3142808
ARCO Fuel Station,-121.9628889,37.5099573
Chevron,-121.9627722,37.5083902
,-117.2160868,33.1664139
,-117.6702927,35.6245014
Valero,-117.3488605,34.4699425
Casa de Fruta Chevron,-121.3811091,36.9904901
Mobil,-118.3390286,34.0903231
Chevron,-118.344445,34.0832007
76,-118.3442907,34.0647105
Chevron,-118.3443337,34.0764172
Chevron,-118.3437355,34.0759395
Texaco,-117.6325069,35.371712
Arco,-118.3462397,34.0574629
,-114.6240657,34.8509279
Bel-air Aisle 1,-121.532492,38.6423703
,-117.3017915,34.5462297
Shell,-122.0544194,37.5960692
,-118.4495056,35.1426378
Mobil,-118.3968057,34.150104
,-118.4136333,35.1272922
,-118.4346717,35.1302326
,-118.4462293,35.1316787
Circle K,-118.4441017,35.1313789
Shell,-118.3938419,34.1439396
Love's,-118.4082035,35.1255468
Mountain Village,-118.4526872,35.1323033
Chevron,-117.121237,32.7486859
,-121.2852131,38.8508395
Shell,-121.7691127,36.2359309
Chevron,-117.2417008,33.1456854
Costco Gasoline,-122.1831033,37.7207644
Arco,-118.1749705,35.0578262
,-118.1729185,35.0514223
,-118.1716602,35.0474725
,-118.1777165,35.0671827
Shell,-118.1737649,35.0544543
Jawbone Canyon Store,-118.0062137,35.2958928
,-122.4160945,37.6287118
,-117.689087,35.5942695
,-117.6742972,35.6046899
Shell,-121.8584765,39.7309196
Don's Gas / Market,-118.9450593,34.821477
Chevron,-118.0466485,34.0625222
Arco,-118.0421249,34.0625345
Valero,-122.44452,37.798587
Chevron,-122.4309646,37.8007618
Shell,-122.431458,37.800661
76,-122.4223977,37.742133
,-116.0751616,35.2646088
76,-121.2717773,38.729761
Chevron,-121.3085739,38.7442197
Shell,-118.1186898,34.0623243
76,-121.2651726,38.7814353
,-116.2089767,35.1326722
,-115.7440683,34.5586087
,-117.1385517,32.7555415
,-117.1391387,32.755562
Arco,-122.0118423,37.5610557
76,-122.0124283,37.5605711
Chevron,-122.011577,37.5601246
Mobil,-118.4429028,33.9565385
76,-121.3648969,36.4502893
Shell,-118.313201,34.0983692
Double AA,-122.4719702,37.7162023
Redmond 76,-121.8849326,37.2284672
76,-122.5183616,37.9253994
Chevron,-122.5163556,37.9295898
Kwik-Serv,-122.5228299,37.925658
Chevron,-122.5209583,37.945619
Shell,-122.520049,37.9452932
,-120.055866,36.9547275
76,-122.2452647,37.8100468
San Benito Petroleum,-121.3992661,36.8532282
,-122.0902755,37.0899446
,-121.9566804,37.248405
Chevron,-121.9627423,37.2352912
76,-122.0643709,37.6069005
Chevron,-122.0658567,37.6084945
76,-122.0446053,37.6281853
National Petroleum,-122.0699495,37.5902123
Chevron,-122.0702963,37.5896437
Chevron,-118.145967,33.9972573
Valero,-118.3270118,34.0830793
USA Gasoline,-117.1404907,33.5501123
USA Gasoline,-117.141188,33.551304
76,-121.8464093,37.2502768
Chevron,-117.9079822,34.1219693
,-117.9071523,34.1212716
Shell,-117.2133298,33.1678843
Marina,-122.1600633,37.7134764
Valero,-122.1620765,37.7126106
Steve's,-121.2358616,38.7904334
,-117.6598901,33.8786029
,-117.659241,33.8787298
Shell,-122.078148,37.6312518
76,-122.0761998,37.6315518
Chevron,-122.0976015,37.6329027
Valero,-122.0977716,37.6335028
76,-122.1016365,37.6385399
7-Eleven,-121.3824502,38.6905512
76,-121.3823891,38.6689823
Shell,-121.3824927,38.7037554
,-117.6802624,34.0188194
Shell,-122.198848,37.7334999
Shell,-121.8609491,37.3042699
,-122.287783,37.530541
DoubleTime,-122.2711024,37.5173892
AAFES Express,-121.8064626,36.6449389
Shell,-121.7753829,36.6647166
,-117.5925491,34.0187781
,-117.5928668,34.0195152
,-122.1799657,37.7054224
,-117.5765819,34.0477327
Valero,-121.7844951,36.6801163
Arco,-121.9038571,37.2323423
76,-122.2769831,37.5192008
,-121.7762363,37.2269391
Chevron,-121.9565923,38.5303817
Flyers Energy,-122.2711158,37.5182328
Shell,-117.560983,34.1070692
,-117.5494224,34.1058479
,-117.5287215,34.1059104
,-122.2667706,37.5119067
,-117.6113283,34.0294113
,-117.6280527,34.0543378
,-117.6289266,34.0795474
,-117.6289526,34.0782874
Chevron,-121.8712577,37.2297177
Old Cambria Wine and Gifts,-121.1021204,35.5686945
Chevron,-116.2705034,35.9749654
7,-121.7712688,36.8313572
,-116.8228516,33.9322961
,-116.7802829,33.918142
Orcutt 76,-120.4469187,34.8649076
,-116.8857713,33.9256682
,-116.8741839,33.9213033
Pine Cove Gas & Market,-116.7391586,33.7585781
,-117.1584714,33.4135702
,-122.2762693,37.7770027
Chevron,-118.1729464,34.0590822
Valero Corner Store,-122.0234531,36.9834866
Arco,-117.1276167,33.1976254
Arco,-120.4547561,34.9310885
Arco,-122.1392565,37.6861277
Cal Gas,-122.1383321,37.6829921
Home Gas,-122.4024683,37.7241659
76,-122.3882905,37.7426761
Valero,-122.4018703,37.7242275
Chevron,-122.3880795,37.743115
Chevron,-122.4409983,37.7169401
76,-118.2386891,34.0762089
Flying J,-119.1874575,35.5311601
Silver Gas & Diesel,-122.4057886,37.732214
Shell,-122.4061237,37.7325383
Mobil,-117.932597,33.9170657
Arco,-117.8810319,33.8183495
7-Eleven,-117.9085299,33.8182945
,-117.9588991,33.8588384
,-117.9596797,33.8588139
76 Gas Station,-121.327052,38.6608794
ARCO Gas Station,-121.3271835,38.660282
Valero,-122.1177969,37.6659992
Shell,-121.9035381,37.6981951
Chevron,-117.1240369,33.5920895
Flyers,-122.1825814,37.7077341
Shell Gas Station,-117.251496,33.3707132
Shell,-117.2063458,33.5678761
Valero,-120.0247246,36.9232221
Rapid 14,-118.3349262,34.1716259
Arco,-117.0767073,33.7394623
,-117.1042332,33.7432227
Chevron,-118.3303791,34.1061543
Sam's Club,-117.1791991,33.553931
,-117.1701418,32.7860841
USA Gas,-117.899661,33.9160014
Sunnyside 76,-117.9095085,33.8997746
,-117.2466814,33.1670291
,-117.2316409,33.2108899
,-117.2302081,33.2108685
76,-122.2699442,37.7988557
Arco,-117.2265353,34.136065
Chevron,-117.1935993,34.1361476
Oak Knoll Mobil,-120.4184093,34.864624
Munoz 76,-120.418479,34.8653326
,-117.2181143,33.7819811
Chevron,-117.2013544,33.0968648
Chevron,-117.2008129,33.5753689
76,-122.2581936,37.5119518
Holly,-122.2580924,37.5115363
76,-117.1576562,33.5559764
,-117.8694117,33.9114198
Chevron,-122.0962332,37.390518
Shell,-120.6484148,35.4630537
,-117.2431003,33.9024117
ARCO,-117.9240736,33.8794941
Arco,-117.3991325,34.5063378
Shell,-117.2252192,33.8450928
,-117.226606,33.8450975
,-117.2255987,33.8441017
Shell,-122.297849,37.8380332
Shell,-122.2672494,37.7947847
,-117.225715,33.8815356
,-117.2257845,33.8887536
Arco,-117.3647104,34.4707035
,-117.2615582,33.9175543
Shell,-117.3239877,33.9158474
Chevron,-117.647398,34.4429754
Circle K,-117.3463896,34.5064218
Arco,-117.3472025,34.5063136
,-122.2619058,37.5082582
Arco,-121.3126618,37.9539062
Shell,-117.8995691,33.9322583
,-117.3367328,33.9760301
,-117.3401748,33.9754137
Arco,-117.5729742,34.4266234
Unocal,-117.57225,34.426037
,-117.3674283,34.0374987
Chevron,-121.3640365,38.6605893
Valero,-121.3648194,38.6608236
,-117.3132257,34.0656792
,-117.3248691,34.0666316
7-Eleven,-121.8562536,36.5974297
,-117.340305,33.9833054
Pacific Pride,-121.5782037,37.0250579
Quick and Easy,-121.0026908,37.252994
Kwik Serv,-120.9978118,37.2536731
,-117.1856604,33.7147205
Chevron,-118.7618748,34.1448517
,-117.2158932,33.7869232
Arco,-117.3842405,34.427072
76,-117.385696,34.4271402
Market at the Ranch,-117.0796846,32.9126617
,-117.060555,32.9343222
,-117.1456942,32.9050395
,-117.322725,34.0335652
Circle K,-117.0049286,32.7732201
,-121.4458954,35.8761251
,-117.2950462,33.1788077
,-121.6435012,36.8890228
Chevron,-121.910689,37.7188977
Pacific Pride Commercial Fueling,-121.9497088,37.3837747
Flying J,-117.3986316,34.4080881
Easter Market,-117.1564348,33.9177232
,-120.3743271,38.8144532
Arco,-117.167531,33.6411088
Chevron,-121.2838262,38.8105324
Unocal,-117.3639839,34.4707246
,-117.3720679,34.3834168
Main Street Shell,-120.4161025,34.9527097
Main Street Mobil,-120.4184989,34.9527075
USA Gasoline,-117.1822938,34.0642903
7-Eleven,-121.2648503,38.7954197
,-117.2418789,32.7511327
,-121.2049253,38.8062335
,-121.2048492,38.8068715
Valero,-119.7456077,36.779276
,-117.2934154,34.5364011
,-117.7865021,33.863017
Mobil,-117.881428,33.9104241
Arco,-117.8805483,33.9105421
Chevron,-117.8938485,33.9137629
Shell,-117.0706452,33.0702053
Union 76,-117.1800394,34.0575136
Chevron,-122.2117662,39.5239026
Sunrise 7,-121.8230757,37.2799026
7-Eleven,-117.3664149,33.8825792
Arco,-122.297488,37.886481
Shell,-122.297626,37.887031
Arco,-117.4536703,33.9348429
76,-117.4544529,33.9430818
Exxon,-122.3048361,37.5519163
ampm,-121.0122608,37.674391
Shell,-120.9387566,37.7382281
76,-120.9315283,37.7378942
Circle K,-120.864949,37.7590171
Valero,-120.8601354,37.7610559
Chevron,-120.8558597,37.763112
Valero,-120.8589635,37.7616437
U Gas,-120.9190089,37.7406442
One Stop,-121.1773966,37.5611407
Kwik Serve,-121.1278867,37.470314
76,-118.2822153,33.9607194
Chevron,-118.2698663,33.9598273
Valero,-118.2699173,33.9603813
Chevron,-121.9477192,37.4901455
,-117.0738961,32.6820977
Chevron,-117.1716808,32.9071879
76,-123.0437694,38.3291133
USA Gasoline,-122.7079458,38.3287327
Valero,-118.2378348,34.0412452
Quik Korner,-117.0820088,33.1113423
K,-116.7786377,32.8379923
Chevron,-116.9173678,34.2411661
Valero,-116.9110985,34.2434971
USA Gasoline,-117.2019945,32.8314214
Performance Fuels,-124.1589031,40.8039808
,-124.1626251,40.8034239
,-124.1569475,40.8029886
,-118.5970767,34.1788024
76,-118.6056773,34.1934128
Shell,-118.331267,33.9886895
Arco,-118.3303524,33.9887029
Arco,-123.8061895,39.4291343
,-118.2085652,33.7844489
Cambria General Store,-121.0986853,35.5661688
Sinclair,-117.4685086,33.9462697
Weis Fuel,-117.4451573,33.9215245
Fastrip,-117.478076,33.9461301
Food 4 Less Gas,-117.4527246,33.9264334
USA Gasoline,-117.4408762,33.9141126
Mobil,-117.4533793,33.9454715
Sinclair,-117.4607929,33.9117776
Chevron,-117.4429093,33.9151365
Chevron,-117.4618186,33.9467772
Speedway,-117.454351,33.9346018
Speedway,-117.4643,33.9149469
ARCO,-117.4517686,33.9262517
C & J,-118.2119621,34.06632
Western Gas,-117.4938772,33.927534
Alaska Gas,-122.2846487,37.8449214
Valero,-117.1390493,32.7612758
Shell,-119.0267117,36.0509225
Kwik Serv,-121.6506269,37.1254591
,-121.6007121,37.0852379
Live Oak American,-121.9840793,36.9712393
,-118.623,34.1934707
Arco,-118.1463848,33.7601833
,-117.8241042,34.1070524
,-117.8187532,34.1060775
Shell,-119.1588402,34.2195558
76,-117.178658,32.82052
Mobil,-122.096833,37.667763
Arco,-116.0596876,34.13581
Chevron,-116.0597574,34.1352683
Circle K,-116.053835,34.1503769
76,-117.024186,32.977921
Thrifty,-117.7372279,34.0904966
Arco,-117.7363861,34.0905226
,-119.03864,35.3398721
,-116.5458639,33.9030401
Shell,-122.0885066,37.3884709
7-Eleven,-117.023578,32.9564814
Rotten Robbie,-122.0597444,37.3975505
Ultra Fuel,-117.062919,32.9515846
USA Pro Gasoline,-122.0350077,36.9726239
Chevron,-121.2741172,38.2198746
,-122.4164712,37.6291834
76,-121.2637486,38.6524541
Shell,-121.2716414,38.6643483
76,-121.2727171,38.6642011
76,-121.0765962,38.9041867
Costco Gasoline,-116.2738828,33.7057169
ARCO,-116.2944946,33.716505
Chevron,-122.6244311,38.2503109
76,-122.6265232,38.249165
Quick Stop,-121.8543634,36.5976623
Mobil,-116.3032852,33.7575097
76,-116.3022561,33.7574245
Chevron,-121.8925569,36.5955026
Shell,-122.050035,37.5503224
,-118.9141341,35.2666817
Fastrip,-118.9140187,35.2618198
,-117.2354833,32.8007814
,-116.4009551,33.8166393
76,-118.2829114,33.7910058
Mobil,-114.5704319,33.6105564
76,-114.5885185,33.6107365
76,-114.7257775,33.6110542
Chevron,-117.3018598,34.1357802
Chevron,-117.4342293,34.3593798
Texaco,-118.4480238,35.1446872
76,-118.2871217,34.1116654
,-118.3089522,34.1050573
76,-122.2461706,37.8138443
Arco,-121.6405781,36.6789878
Vons Gas Station,-120.458191,34.647257
Kwik Serv,-120.458016,34.653653
Shell,-122.2123114,39.5239055
Main Street Gas,-121.9066675,37.4307804
Chevron,-121.6902759,38.1611087
,-119.400155,35.0586941
Sam's Club,-121.1180681,38.6454358
,-118.52708,34.2352278
Arco,-117.880116,33.6803952
Palo Cedro Chevron,-122.2377441,40.5591015
76 gas station,-122.2386884,40.5546162
United Oil,-117.2051057,32.8549672
Chevron,-121.1141342,38.6460274
76,-119.9203259,36.8324395
,-118.417307,34.0124266
Chevron Gas Station,-121.9321372,37.294867
Delta Queen - Classic Car Wash,-121.9327836,37.2948296
Hamilton Union Service,-121.9438866,37.2946845
,-117.4745926,34.1494136
,-117.3430892,34.47082
Costco Gasoline,-122.2177146,37.4786177
Shell,-122.069953,37.896688
Shell,-117.1537549,32.8324232
Shell,-122.066139,37.9045414
Chevron,-117.1485215,32.8223519
Shell,-117.0980379,32.8396547
Chevron,-121.4194821,38.5957675
Chevron,-122.4556252,37.7117689
,-123.7952006,40.1001921
Shell,-119.8253381,36.7497767
,-116.9276434,32.7855379
,-118.4399577,34.674576
Mobil,-117.0748072,33.0232
Shell,-117.0603923,33.0185078
Shell,-117.0825014,33.0235908
,-124.1862545,41.752642
Larkspur Gas,-122.5342461,37.9378688
Shell,-122.7139485,38.3873515
,-121.1704175,38.705587
Buck Meadows Gas Station,-120.0629213,37.8156026
Steve's 76,-121.9846251,36.9878076
Circle K Gas,-116.2972548,33.7163745
Shoggys,-120.4649323,36.8657595
Chevron,-120.4557109,36.8570553
ARCO 42933,-118.1315997,34.1781615
Panther Petrol,-118.1213632,34.1688045
Shell,-118.2828651,34.0034482
76,-118.282967,34.0039907
Chevron,-118.2822428,34.0106834
Hi Sahara Oasis,-115.1831504,34.8172727
ampm,-120.9487224,37.5943162
Chevron,-120.9381625,37.5797441
Circle K,-120.8354741,37.0740116
Chevron,-119.6575798,37.5371407
,-119.9585291,34.577178
Richmond Gas 1,-122.3515775,37.9253667
Stop and Save Gasoline,-122.3479565,37.9254048
Valero,-122.3339718,37.9256208
Arco,-118.0866497,34.1459191
Shell,-116.6925855,34.828854
,-119.0386017,34.2238928
,-121.8652655,37.2653047
Gas & Go,-120.8398354,38.9051942
,-118.2659087,34.0467457
Shell,-121.3478994,38.6605087
Arco,-121.291616,38.6643184
Chevron,-121.2725793,38.6635784
76,-121.070425,38.6539801
Mobil,-120.7104377,38.7360814
Chevron,-120.5304801,38.7602159
Valero,-120.6178665,38.7496655
,-114.6105584,34.8399272
76,-116.1628637,34.727084
Chevron,-116.6958438,34.8313608
,-117.8067672,34.1033153
,-117.8067613,34.1027325
Clark's Travel Center,-116.2306767,33.727695
,-122.2447394,37.858337
Mobil,-120.4355727,34.9163297
Shell,-120.4355898,34.921128
76,-120.4365976,34.918378
Anita's Spirit,-120.4364123,34.9310513
Foods Co,-120.436426,34.9347239
Easy Serv,-120.4364729,34.9265602
Peppertree Chevron,-120.435959,34.9680783
Santa Maria Gas,-120.4353623,34.9680991
Alliance,-120.4359377,34.9674925
Gasco,-120.4459308,34.9534957
USA,-120.453263,34.9528779
Gasco,-120.4252021,34.9674363
Chevron,-120.4251258,34.9679361
USA,-120.4198189,34.9386527
Betteravia Mobil,-120.4166263,34.9232922
Fuel Connection,-120.4166263,34.923869
,-122.2468911,37.4697055
Chevron,-118.4856191,34.0141243
Kwik Serve Gas,-120.7204847,37.3901255
,-121.4094503,38.4957791
Valero,-120.5453197,39.3087305
,-124.1900761,40.7750686
76,-121.0219091,39.2509076
Chevron,-121.097676,38.942438
Shell,-121.2268406,38.7443353
ampm,-121.2252688,38.664243
Arco,-121.4148126,38.6105864
ampm,-121.2023628,38.6722093
ampm,-121.183008,38.6573649
Al's Gas,-120.9962672,37.7246496
Chevron,-121.0183311,37.6464261
Arco,-120.8494746,37.4724348
76,-120.8495021,37.4113376
Kwik Serve,-120.8515406,37.3272308
76 Gas,-117.7920608,34.0617512
,-117.0713128,33.0938632
Shell,-121.3864528,38.6675438
Chevron,-121.9645666,36.9734414
1-Stop,-117.670186,35.648305
Portola Valley Fuel,-122.2088625,37.3720096
Chevron,-120.6809057,35.6146138
Arco,-120.6808176,35.6154566
,-120.6734413,35.6275221
Shell,-116.2340266,33.73643
Shell,-116.5429151,33.9083559
76,-116.8676473,33.92517
Shell,-116.9004281,33.9252285
Rocky Gas,-117.1138716,34.0240228
Shell,-120.8546734,38.466182
Chevron,-120.8027619,38.3775957
Thrifty Gas,-117.0930655,32.5843272
Joes Travel Plaza,-121.291155,37.820584
Shell,-117.0670402,33.0682285
,-119.6589381,35.6166416
Pilot,-119.658836,35.615811
,-119.657079,35.6165737
,-119.6579859,35.6158412
,-119.6571196,35.6156931
Shell,-117.1619761,32.7501157
Pilot,-121.6298723,36.665615
Shell,-120.9081308,38.8094742
Chevron,-121.7312986,36.4790528
Valero,-117.1864732,34.1088162
Arco,-121.6546552,36.6807548
Shell,-121.6530222,36.6845012
76,-122.0141905,37.393096
,-118.3794383,33.9701877
,-120.8322644,39.1871971
Shell,-117.1757542,32.8199409
76,-121.9016123,36.582816
Golden Bear,-121.9432948,40.7935804
Quik Stop,-121.9570883,36.9905851
Timber Mountain Store,-121.2905919,41.6479145
,-121.6331524,39.0260852
Chevron,-121.6325355,39.0666891
Arco,-121.6348743,39.0978281
Quickstop,-121.6337156,39.0985711
PowerMarket,-121.6603339,39.2737183
Arco,-121.6615677,39.2763261
Gridley Grill,-121.6787272,39.3226898
,-122.1237874,40.1307879
Sunshine Gas,-122.1892977,40.1866684
76,-122.1979558,40.1868323
Chevron,-122.2834469,40.3697962
Chevron,-122.2874987,40.3897452
Chevron,-122.3654759,40.6224139
,-122.3848361,40.8880087
Pollard Flat,-122.4183959,40.9945163
Chevron,-122.2762447,41.2225727
Chevron,-122.1373057,41.2507659
Spirit,-122.3166007,41.3108239
Chevron,-122.1936058,39.4939585
Flyers,-122.0644154,39.0265211
Arco,-121.7835352,38.7000004
Chevron,-122.3173565,41.1483386
Chevron,-118.4761747,34.015672
Chevron,-120.9589167,37.6894472
USA Gasoline,-120.9583063,37.6772369
,-118.4703992,34.3922618
AM/PM,-122.3302315,37.9470366
Valero,-122.328692,37.9436565
,-118.5403562,34.4229172
,-118.4745201,34.2353019
Shell,-122.2205634,37.7674874
Valero,-121.9574565,37.9525007
Shell,-121.9566894,37.9521665
7-Eleven,-121.9935988,37.978201
,-122.0554535,37.6366101
,-122.0541124,37.6367737
,-118.5363987,34.2424243
Rotten Robbie,-121.9063768,37.2709036
Foxworthy Gas,-121.9054592,37.2711686
76,-121.9286,37.4892206
Madera Shell Gas & Food ,-120.0564497,36.9385762
Parkwood Mini Mart,-120.0557304,36.9380788
Kirkwood Station,-120.0732884,38.7028846
Valero,-118.9044559,34.3992968
,-117.146443,36.6070013
7-Eleven,-117.0928698,33.1357013
Chevron,-120.1723985,38.0746054
,-120.999152,37.798345
,-121.9168685,37.2632103
Chevron,-120.077984,36.9749646
Valero Gas Station,-120.0864676,36.9821217
Shell Gas,-120.0721124,36.9530023
,-118.5357991,34.2575446
76,-118.3787588,34.1502089
,-118.4410192,34.2348151
Arco,-118.5560955,34.3785645
Chevron,-120.0557612,36.9457849
,-118.5270354,34.2081891
,-118.5365892,34.2575124
Redhill 76 Circle K,-122.5666197,37.9811711
Shell,-119.86838,35.6146169
Shell,-118.2899588,37.1658401
Shell Gas Station,-120.0512584,36.9523108
76 Gas Station,-120.0525619,36.9532282
76,-122.2015347,39.7493976
Valero,-121.9545226,37.271956
Valero,-122.0885968,37.6611805
Chevron,-118.4378051,34.049944
Exxon,-121.956229,37.2696337
A Tool Shed Equipment Rental,-121.6533833,37.1318003
,-118.4478398,34.0675285
Arco,-119.0385563,34.2231057
Arco,-117.9073278,34.121966
Mobil,-117.9078347,34.1232227
,-118.5189327,34.2014193
,-118.5190025,34.200878
,-118.4839369,34.201409
,-118.4841032,34.2009276
,-116.8874441,34.9005415
Arco,-116.887235,34.9014511
Shell,-116.8871102,34.9038232
USA Gasoline,-116.4022742,33.7283424
Chevron,-118.1654448,34.7037073
,-118.5096329,34.2213572
Chevron,-118.2018982,34.0567718
Mobil,-118.1320544,34.1376012
7-Eleven,-117.1790384,33.1378225
Chevron,-120.6498724,35.2617352
Crane Flat Chevron,-119.7969556,37.7532314
Berri Brothers,-117.3737894,33.9744287
Conserv Fuel,-120.6652886,35.289035
Arco,-122.3356486,37.9905745
Mobil,-118.1742783,34.6898537
76,-122.4209216,37.7523094
Conserv Fuel,-120.191433,34.612831
Shell,-120.191588,34.612372
Chevron,-118.172885,34.697074
Pioneer Food Mart,-120.6917992,35.6263874
Chevron,-121.4508197,38.4957366
76,-121.4508411,38.4964924
Valero,-121.9523079,37.5573506
Arco,-121.9508996,37.5565408
Shell,-122.431338,37.7290442
76,-122.4296241,37.7301389
USA Gasoline,-117.8722317,34.0996849
7-Eleven,-117.8730387,34.0990945
ARCO Grand Carwash,-117.8729103,34.0742524
Chevron,-121.9231289,37.2430849
76,-122.4377294,37.7238458
Arco,-122.4527203,37.7090784
Valero,-122.464366,37.6960079
arco,-121.4764535,38.6301356
Shell,-121.4751339,38.6298904
Valero,-121.4758998,38.6273125
Mobil,-121.4752564,38.6201413
Arco,-121.568683,37.0212848
Shell,-121.509248,38.6564873
,-117.044933,32.5504761
,-117.0443268,32.5520056
,-117.0448136,32.5521492
Bonfare,-121.4753118,38.6222528
Chevron,-121.5117791,38.4959077
,-121.5269016,38.5803543
Chevron,-121.4011798,38.6109699
Valero,-121.3834854,38.6108
Arco,-121.503656,38.4959274
Shell,-121.4974701,38.613142
Shell,-121.5047353,38.6372595
,-121.7758052,37.6793476
,-121.7666163,37.681097
Beacon,-120.8485149,37.5044384
Quick Stop,-120.848547,37.5047107
Quick Stop,-120.8761979,37.5214291
Valero,-121.4564093,38.6443668
,-121.4786444,38.6547383
Chevron,-121.507823,38.6409917
Qwik Korner,-117.0011662,32.8382871
Valero,-120.4872106,37.3195397
76,-117.107891,32.950683
Valero,-121.999361,37.28442
Tupacks Liquor,-118.0789682,34.704189
,-117.0789618,32.7483428
Chevron,-121.1975501,37.7971714
Arco AM PM,-121.1894723,37.7977703
Quicki Kleen Car wash,-121.207647,37.7975817
,-121.2028029,37.7977788
Arco,-120.8501726,37.4761182
Chevron,-120.8485472,37.4749177
,-119.6921182,34.9488436
Mobil,-120.189279,34.611348
Dogpatch Biofuels,-122.3927992,37.7564805
Fastrip,-120.5740678,34.9674546
,-120.5715325,34.9724467
Costco Gasoline,-117.2237162,32.8199865
Chevron,-121.9921068,37.2911622
,-119.3124944,36.0642734
,-119.312848,36.0650526
Arco,-116.8829616,34.2561353
Park Gas & Food Station,-122.2933844,37.8046769
,-120.2758151,34.7441941
Collins Market,-120.2817935,34.7440048
,-117.8852161,33.8893097
,-117.1075749,32.952306
,-119.8708621,36.7714954
Flyers,-121.0934409,38.9346873
Chevron,-121.0580968,39.200828
,-119.3224485,36.19637
,-119.3218016,36.2114823
,-119.3432904,36.2086652
,-119.354166,36.2039708
,-122.0389447,37.956754
,-122.0336714,37.9596682
Shell,-122.0248953,37.939059
Shell,-117.2888866,33.0490424
,-120.8328144,35.3114677
,-124.1351625,40.7936218
,-124.1912689,40.768214
,-124.177874,40.7918064
Mobil,-119.0386629,35.35437
Shell,-122.621783,38.2356147
Chevron,-121.5690985,37.0218756
Shell,-120.6647966,35.2887623
,-119.038731,36.0872309
Chevron,-119.7003916,36.7354544
Shell,-119.6997211,36.7361379
Valero Gas,-119.6997479,36.7381585
Shell,-121.0707926,38.6547834
,-121.0677617,38.6505899
Shell,-121.6940384,38.5502766
Chevron,-121.9716327,37.5482415
Shell,-121.0159546,37.0547501
,-118.169267,33.8968243
Marsh Road Valero,-122.1885552,37.4740755
Chevron Marsh Road,-122.1836195,37.4808325
,-123.9758849,41.845708
Valero,-121.3223537,36.4185587
,-117.2463067,33.0531637
,-116.923983,32.8740051
,-122.4300648,37.6500851
Shell,-122.4305072,37.6506534
Hazard Center Auto Mall,-117.157994,32.7726343
Alianza,-122.408466,37.748191
Allstars,-122.406387,37.748693
,-121.83159,37.2664133
,-122.0974801,37.9021749
,-122.1534818,37.7519652
Chevron,-117.1731132,32.8783525
Shell,-117.2600592,33.0457099
,-122.3349031,40.5050244
Spirit,-118.419141,35.75813
Fastrip,-118.419966,35.758266
Shell,-117.871971,35.798538
Mobil,-118.002455,36.27367
Channel's Shell and AAA Towing,-119.1191729,37.9569449
Chevron,-120.0984464,37.4313512
The Oasis,-120.0979312,37.4326715
,-118.2912238,34.052099
Valero,-119.6004939,36.328487
Chevron,-119.3131489,36.3260344
Shell,-119.1354311,36.3266481
Texaco,-119.0892917,36.3249625
,-118.316469,34.1862528
Chevron,-118.9037722,36.4427327
Shell,-122.3385143,40.7068116
United Gas,-121.5711075,37.0203466
Valero,-122.1979012,39.9284647
Chevron,-122.1979719,39.9276486
Shell,-120.643306,35.247812
Neighborhood Gas,-122.5160563,37.5416917
,-124.2034811,41.9573519
Chevron,-121.9671843,37.7590355
,-121.2315905,37.9969972
76,-121.1742157,38.1157185
Shell,-121.1460847,38.1664487
Chevron,-117.2060041,32.7493228
Chevron,-119.7502858,34.4385132
,-120.5125352,38.4919505
76,-120.5280386,38.4520787
Chevron,-122.3380004,37.5197319
Best Truck Stop,-119.2930825,35.9738651
Bob's Truck Stop,-119.2914952,35.971788
Valero,-121.9343846,37.7058214
Shell,-121.8875287,37.7049114
Chevron,-121.9097562,37.7044468
76,-121.9103352,37.7048559
Shell,-121.9095656,37.7054824
Chevron,-120.6963243,38.7403341
Circle K,-120.4407512,34.6392229
Star 1 Gas,-121.619221,36.672429
Dublin Auto Wash,-121.9240627,37.7056237
Valero,-119.659935,35.616812
Mobil,-119.66072,35.6158
Rod & Ros,-121.8412918,36.6166816
Alliance Gasoline,-122.3831524,37.2517807
,-121.0674947,38.6499921
Shell,-122.1971443,39.9282857
Costco Gasoline,-121.974504,37.502409
Valero,-123.1162601,38.9709926
76,-123.116747,38.9697104
Self Serve Gasoline,-121.9196547,37.530878
Shell,-123.3475622,39.3930118
76,-121.9326961,37.2729088
,-121.6977692,37.1774415
Chevron,-120.994159,37.4927962
Chevron,-120.8394492,37.7569406
76,-120.9392703,37.5950473
Shell,-116.935372,32.8023965
7-Eleven,-117.1546366,32.8214987
76,-121.2651339,37.5394131
Quik Stop,-122.0732303,37.0476431
Valero,-119.9601557,35.9901005
Valero,-119.9614559,35.9919841
Kettleman City 76,-119.9600579,35.9885463
,-121.7984123,38.677258
76,-119.9600579,35.9885463
CFN,-119.961851,35.9882547
,-119.2280149,35.2674795
Chevron,-116.9122185,33.9254842
76,-121.8919815,40.4915343
Arco,-121.9266493,37.7105936
Arco,-121.548252,38.577194
76,-121.5479454,38.5766478
Valero,-121.5370754,38.5908699
Arco,-121.4205405,38.5968105
Chevron,-121.5762874,38.5756987
Arco,-121.5755003,38.5759214
Arco,-122.0320289,38.294644
Chevron,-121.4142033,37.7618524
Chevron,-121.8183178,37.7035127
Shell,-121.4284517,38.5997691
,-122.0654898,38.2585469
Chevron,-122.0647088,38.2586777
Costco Gasoline,-122.1453389,38.2136652
Arco,-122.138881,38.2128506
Arco,-121.9543673,38.370048
Chevron,-121.95563,38.3698152
76,-121.9333413,38.3859126
,-118.4534932,34.0327167
,-118.4531064,34.0322498
Hillside Chevron,-118.3515687,33.7990766
Shell,-124.2033008,41.9572721
Valero,-121.0751247,36.1876234
Valero,-121.9971096,37.3964312
Valero,-119.3999632,35.3995139
Speedy Fuel,-119.3973673,35.4026187
Mobil,-119.3965846,35.4007153
Travel Centers of America,-119.3967128,35.4012127
Shell,-121.7578399,36.7651243
7-Eleven,-121.8030356,36.6834801
76,-121.8050357,36.681469
Shell,-121.831009,37.2371936
,-116.6094919,34.8186662
Chevron,-120.6987865,35.7486863
Valero,-121.0753056,36.1884278
76,-118.3966559,33.9239031
Chevron,-117.8655405,34.0200983
Arco,-120.9590989,37.7323206
Shell,-121.5053021,38.5961708
,-117.4344732,34.3599252
Shell,-121.4599302,38.4956165
76,-121.4274502,38.5486458
Chevron,-121.4282704,38.5514805
Chevron,-121.8014366,36.2646974
76,-122.2611743,37.8477109
,-118.4858032,34.0237068
Costco Gasoline,-122.2153551,38.1324085
,-121.2294141,40.3091541
,-118.338029,34.184819
Arco,-118.3473148,34.1680476
,-118.3375194,34.1974474
,-118.3253636,34.1968174
,-118.3498361,34.1745852
,-118.349364,34.1845438
,-116.9668674,32.6502681
,-116.9685465,32.6462526
76,-124.1540076,40.5778128
Fastrip,-120.3582566,36.1413537
Vallero,-120.3538513,36.1474215
,-124.0734844,41.2849706
76,-117.9290943,33.8951856
Stawberry Park Shell,-121.9767618,37.3156093
Valero,-121.9763072,37.316386
76,-121.9751431,37.3161759
,-120.1331678,37.0194773
Pilot,-121.9502687,38.8620004
Pilot (Truck Stop),-121.9510036,38.8625246
Pilot Travel Center,-121.6298617,36.6649289
,-116.9532048,32.5683647
USA Gas,-118.1084181,34.0627817
,-121.7468173,37.9610631
,-116.5464995,33.9030186
,-121.7605377,37.9622592
,-114.6018777,34.8374834
Chevron,-114.6223867,34.8489205
,-117.0418667,32.6289407
Mobil,-114.6052882,33.6077552
Moonridge Fuel,-116.8837342,34.2444432
Alliance,-120.5422198,41.4948269
Chevron,-120.5421769,41.4940956
7-Eleven,-119.722796,34.4013135
Shell,-121.4671409,38.5760801
Arco,-117.2120134,32.7443123
Shell,-117.2046909,32.7543034
Arco,-117.1952507,32.8347558
,-116.8545869,34.2600039
,-116.845883,34.2613965
,-121.4763979,41.9531853
Arco,-118.795148,34.405186
Arco,-119.270986,35.4995401
Chevron,-119.2713539,35.5000654
Shell,-119.2637998,35.5002142
Chevron,-117.8970678,34.5060691
Valero,-119.3991573,35.3992897
County Vehicles Only,-122.0209203,36.9776204
Shell,-119.273292,34.267597
Arco,-122.0145663,37.3379957
76,-122.013589,37.3532523
Mobil,-118.55311,34.1863042
,-118.2913562,34.0906457
Arco,-118.3704431,33.9457363
Crestline Valero,-117.2853108,34.2420617
Shell,-119.808897,36.342717
Five Points General Store Shell,-117.2201937,34.2398206
Bonneau's 76,-122.461535,38.235664
,-120.6780789,35.3017876
,-120.983684,39.6829351
,-122.1504059,37.7536071
,-122.1530511,37.7537086
Arco,-117.1994938,34.1207162
Valero,-117.1985906,34.1208526
7-Eleven,-117.2091916,34.1360125
,-123.7887981,39.2707425
,-118.390453,34.0327454
Chevron,-119.6825005,36.7509251
U&A Mini Mart,-119.5556718,36.7354678
Shell,-122.5035912,37.8691554
Arco,-117.9538907,33.708635
Arco,-117.9548358,33.7093146
Shell,-117.5168846,33.8856355
Costco Gasoline,-117.2642593,34.0674876
Costco Gasoline,-117.441088,34.1370844
Chevron,-120.99421,37.4926752
Chevron,-121.9996193,38.0147496
BioFuel Oasis,-122.279393,37.8534585
Sutter Food and Gas,-121.754418,39.142757
Arco,-118.3756708,33.9596689
,-121.7290088,38.6709444
Arco,-121.7289653,38.6758681
Quik Stop,-121.7834969,38.6917376
,-116.9379533,32.5559247
Quik Stop,-121.9703576,38.2793545
AmeriGas,-120.4890618,37.274222
Chevron,-118.4683843,34.0013569
,-120.6158959,35.1209827
,-117.9764684,33.8465453
,-117.9766362,33.8471737
,-117.9758888,33.8471815
Chevron,-122.1972249,37.737538
Chevron,-118.295098,34.063806
Chevron,-122.2902663,37.5414797
Hillsdale car care,-122.2908376,37.5411266
Shell,-118.425048,35.753358
Valero,-120.0423585,36.9734095
76,-120.0431562,36.9741346
Chevron,-120.0731158,36.9533579
AM PM,-120.8786233,37.0578432
Mobil,-118.029876,33.9174813
Safeway Fuel Station,-121.9264416,37.7055
,-120.8481107,37.6382591
CFN,-120.8399,37.0588073
Valero,-120.4569042,36.8572124
Valero,-120.374055,36.7502829
Valero,-119.6236784,36.9705709
Shell,-119.7109879,36.9906027
Kwik Serve,-120.0567585,36.9741606
Country Club 26,-120.0738833,36.9966244
Valero,-120.0737991,36.996025
Mann's Gasoline,-120.0628841,36.9741664
76,-122.3394911,37.5208616
Valero,-121.285433,37.9357052
Chevron,-121.2565478,37.9651731
Valero,-121.2922348,37.9600094
Beason,-121.2612418,37.9770352
Shell,-121.2601377,38.0208315
Sinclair,-121.314607,38.0214597
Tehachapi Fastrip,-118.4672816,35.1245434
Wild Rose Texaco,-118.494331,35.1246553
76,-122.3149618,37.5526116
,-118.5271897,34.048261
Shell,-121.2660101,38.5903938
Chevron,-121.0987047,38.4960179
Tower,-121.1453546,38.1663537
Shell,-122.4072293,37.6480514
Shell,-121.4116686,38.5739204
,-121.6129305,39.7701045
,-118.3781636,33.9457481
ARCO AM/PM,-120.8887113,37.5362722
,-118.1852891,33.804691
Chevron,-121.2164538,38.6291946
76,-121.1794677,38.6846239
Chevron,-121.1785657,38.6843793
Chevron,-120.0252859,39.2373006
Shell,-117.4517632,34.4268227
,-117.1750724,32.773751
76,-117.1595177,32.8213401
7-Eleven,-117.6883634,33.9718597
AMPM,-117.6893884,33.9720282
Costco Gasoline,-117.7434767,34.0140026
76,-117.6628374,33.9303626
76,-120.9505022,39.0956182
Costco Gasoline,-121.298773,38.6906489
Flyers,-119.3134866,36.3132149
Norco Texaco,-118.9772004,37.6492331
,-119.5716564,37.3136055
,-121.4356028,37.7636988
Maidu Market,-121.0795582,38.8792589
Shell,-121.4781834,38.4079833
Arco,-118.7967499,34.2721188
,-122.0342191,37.9591159
,-119.650301,35.6155975
,-119.6501706,35.6158584
Chevron,-121.9584304,38.0264925
Arco,-121.4296477,38.6477087
Shell,-121.8715602,37.6997437
Exxon,-122.1296,37.7049368
76,-122.1286955,37.7058048
Chevron,-118.7532727,35.2948624
,-119.0705359,34.2163066
,-119.0688649,34.2170681
7-Eleven,-118.1641791,34.0904278
Valero,-121.4149856,38.5886289
76,-121.9650275,37.3296615
,-121.5624068,40.5307464
Valero,-121.9828212,36.9759618
Harbor Way Mart,-122.3596357,37.9248192
Arco,-122.3223504,37.9256973
Mobil,-118.3942921,33.9835411
Arco,-120.8885188,37.5357306
The Chairs - BMWOCSD,-116.6722766,33.109286
USA Gas,-117.0335753,32.7604324
,-121.0007184,37.9303102
Indian Trading Center,-119.2479402,36.740584
Rotten Robbie,-121.9432557,37.2940251
76,-120.103113,36.07528
,-118.2372816,34.0584589
Chevron,-118.794879,34.2812705
,-120.6576226,35.6455507
,-120.6575072,35.6450718
Mobile,-119.2153973,35.270353
Shell,-121.9229994,37.5390787
Mobile,-119.0272204,35.2670996
Shell,-119.0270041,35.2670321
76,-119.7716351,36.7077636
College Chevron,-122.442555,38.5725357
Fathom Marine,-122.3781763,37.664141
76,-118.3586635,34.0763657
Shell,-121.972495,37.5056927
Shell,-121.9532973,37.3877557
Valero,-116.5844077,34.0437831
K,-116.5832744,34.0448032
Valero,-116.4486605,34.1190717
Valero,-116.3155348,34.1352872
,-120.8452817,38.481505
Chevron,-121.4296323,38.6445718
Costco Gasoline,-117.0771719,32.9861207
76,-118.3781926,33.9451423
76,-116.3127678,34.1351662
Bassett's Station,-120.5918705,39.6176363
,-121.9320174,37.3049101
,-116.9975889,32.7146803
Shop N Save,-121.4239588,36.8530355
,-115.4656946,32.6935704
76,-121.90983,37.4278417
Valero,-119.790018,36.8298944
,-121.078682,38.8963676
,-118.9116008,34.1827323
,-120.9495535,39.9379588
Chevron,-120.9507282,39.9382778
ARCO,-116.9627452,32.8187155
USA Gasoline,-116.9620424,32.8188394
Eddie's 76,-122.4912887,37.6495078
,-120.0300411,39.2375669
Mobil,-118.3707972,33.9631675
76,-118.375867,34.0592789
76,-118.6056125,34.2497622
Arco,-118.3347563,34.0252954
Chevron,-118.3354843,34.0258355
76,-118.308685,34.0180089
Markleeville Gas Station,-119.7806404,38.6955567
,-117.294493,34.0914268
,-118.2612512,34.0684546
Arco,-117.2082874,34.1075369
Chevron,-117.1943381,34.1078532
Circle K,-117.1219218,34.0701391
Valero,-117.1335398,34.0702438
Chevron,-121.8043512,37.6511417
Arco,-117.1365323,34.0703372
76,-117.1385727,34.0699035
Shell,-122.4911319,37.651356
,-116.8692113,32.9342126
Shell,-117.2127357,32.7503678
,-121.1418567,37.7392402
,-122.3178956,37.8672778
,-117.9072529,33.6960905
,-117.9081623,33.6961293
QwikStop,-120.9931665,37.6091441
Mobile,-120.9930859,37.6051972
Valero,-120.9538049,37.5898498
Valero,-121.1270177,37.4732872
Valero,-116.4406426,34.2313836
Olsen Gas & Liquor,-120.9941369,37.6083017
Arco,-120.9941932,37.5980677
Spirit,-116.4402288,34.2473145
Chevron,-119.8286328,36.7571462
Best Gas 4 Less,-120.9932726,37.6120128
Chevron,-121.0033042,37.6350052
Valero,-120.9943284,37.5663285
Shell,-121.5218164,38.5695556
Chevron,-121.5550093,38.5914516
,-121.5904531,38.1504389
,-120.4850987,35.0361637
76,-117.2080648,34.0707881
Shell,-117.5598661,34.0645435
Mobil,-117.5216948,33.8215214
,-119.7367334,36.7654363
Arco,-117.4172897,34.137854
Arco,-117.3709888,34.1344239
Circle K,-117.2527052,34.1410861
Shell,-117.2527305,34.1436467
Valero,-117.2521864,34.1410484
76,-117.2526787,34.1416481
Arco,-117.435349,34.1209063
Chevron,-117.2790465,34.1646458
Mobil,-117.2789545,34.144359
Valero,-117.2226252,34.2296095
Mobil,-122.6338549,41.7401242
Mobil,-122.2284072,40.1789559
Mobil,-119.2190622,35.2672905
Mobil,-118.5673782,34.3789219
Mobil,-118.4783414,34.3038635
Shell,-117.2029116,32.7906454
Shell,-120.6875711,35.1632422
Arco,-121.8971393,37.3502919
Spartan,-121.8907943,37.3533503
Penny Wise,-119.7929508,36.7501716
,-119.8162653,38.7572116
Shell,-118.904852,36.4395498
Flyers CFN,-121.8490134,37.3101367
Howard's Fast Trip,-117.6873496,35.6148619
Sage Mart,-117.6880519,35.6367797
PG&E San Jose Service Center,-121.9079792,37.3372051
Shall Gas,-118.2501766,34.024586
,-121.8450052,37.2879344
Shell,-121.869722,37.6627757
76,-121.8699834,37.663446
Pleasanton Gas Station,-121.8750668,37.6627459
,-119.7278606,36.7938367
Arco,-118.3581788,33.988868
,-119.3501026,36.3241428
Mobil,-117.953922,33.7021297
,-117.9539202,33.7023112
Sly Park Resort,-120.5701258,38.7250291
,-121.9386939,37.3386373
Mobil,-117.7585964,33.9950154
76,-121.9005705,37.3242547
Mobil,-117.1714319,32.7250687
,-117.3178936,34.5167723
SAP Vehicles Network Demo - Gas Station,-122.1453656,37.3980324
Valero,-121.8448113,37.3384449
,-122.4064628,37.6310679
,-114.6014298,33.6174026
Arco,-117.9860361,34.1392416
,-118.1692843,33.9034461
Gastrak of Calexico,-115.389135,32.6821482
Arco,-121.8360309,37.3151126
Grizzly Gas,-119.9658073,37.4850911
,-121.9419216,37.5135178
76,-117.541131,34.992065
Mobil,-117.9714301,33.7155045
Chevron,-117.972298,33.7154956
Fastrip Food Store,-117.6704759,35.6173228
Arco,-116.9310748,32.8000072
Costco Gasoline,-116.3889626,33.8025076
Shell,-124.1488659,40.8048439
76,-118.8530859,34.7968297
Chevron,-121.2941568,37.9371022
Valero,-121.3345942,37.9649893
Shell,-122.0343438,38.2903345
Mobile,-121.0573224,38.9256982
Silicon Valley Market & Gas,-121.9352497,37.3238951
,-120.0421111,38.4619794
,-120.6536868,35.6452346
USA Gasoline,-115.3799243,32.6857096
,-114.5748498,34.1886187
Shell,-114.5703842,33.6112184
,-114.571223,33.6104149
Arco,-117.3503064,34.0014601
7-Eleven,-117.57652,34.0330116
Chevron,-118.2404758,34.2119439
,-119.0113027,35.2109993
Chevron,-118.4519728,33.9940575
Renner Petroleum,-124.101613,40.9558553
76,-124.101304,40.9418748
Chevron,-122.3150613,41.3119722
Shell,-122.313381,41.3122264
Safeway Fuel Center,-122.2778365,37.7849504
,-118.6063109,34.180697
,-117.3989213,34.3226574
Petro,-122.196289,39.9060881
Chevron,-116.5012784,33.88329
Arco,-116.388748,33.8086896
,-121.3297564,35.781447
,-121.3298504,35.7814539
,-115.4984574,32.6695712
Chevron,-118.2620798,34.0336409
Pintor's,-120.6075,35.391561
,-117.1706224,32.7862839
Shell:,-121.2963529,37.9741382
Arco,-121.6049942,36.6804626
Star 1 Gas,-121.6267952,36.6763627
Shell,-121.6398327,36.6770765
Valero,-121.6378909,36.7343647
Hardy's Gas & Snacks,-121.2946275,37.9671299
Valero,-121.8812386,37.4032381
Shell,-121.2962931,37.9271473
Arco,-121.2933585,37.937312
Shell,-121.295348,37.9368876
Chevron,-121.2941293,37.9372021
Shell,-118.2150633,33.7895849
,-118.0285916,33.8102154
,-122.3478915,37.9355735
,-116.9878516,32.5675334
,-116.996512,32.5677206
C Stop,-121.8348685,37.2787865
Shell,-117.0637678,34.0041429
,-117.3688824,33.1835549
Tower Mart,-122.6750797,39.0213754
Chevron,-122.6598394,39.0258058
Lightel's Food & Fuel,-123.206508,39.1930697
,-123.0990167,39.3220323
Arco,-122.170035,37.7443947
Valero,-122.2382006,37.7837683
76,-122.2386405,37.7840565
,-121.9076594,36.5377883
,-121.0800059,38.8969802
,-116.7162154,33.748008
Chevron,-120.9359378,38.3537424
Shell,-120.9356834,38.3545896
Shell,-121.2563025,36.3384506
Chevron,-124.1005682,40.9357345
Chevron,-119.1103429,35.3838836
,-122.2882805,37.8021497
,-117.0845386,32.5766953
Mobil,-122.277807,37.8254949
,-120.8126183,38.6953736
,-120.8098966,38.69526
,-120.8112647,38.6953055
,-120.8407856,38.7128082
,-120.9365539,38.6612728
,-120.9363715,38.6622027
Sam's Club,-118.0297223,34.0927515
,-118.1320867,34.1481285
,-118.2435244,34.034129
,-119.7177367,36.793676
,-119.675707,36.808931
Shell,-121.5322192,37.7228477
76,-121.5370686,37.7191094
Shell,-122.253397,37.7956759
ARCO,-122.195633,37.7449796
Shell,-122.1956864,37.7442496
Stonyford General Store,-122.5445341,39.3753071
Shell,-116.4585498,33.7998657
,-121.971175,38.881225
Arco,-117.121671,33.1307881
Arco,-117.207274,33.5640823
Arco,-117.2750406,33.6272321
Arco,-117.299309,33.6608072
Arco,-117.5061315,33.8068515
Arco,-117.558041,33.9369879
Arco,-117.5546065,34.0485869
Arco,-117.1767028,33.5992378
Arco,-117.1891398,33.6846292
Arco,-117.153172,33.6854815
Arco,-117.153494,33.7427422
Arco,-116.9762371,33.7297109
AM/PM,-117.0062853,33.7441693
Arco,-117.2308559,33.8013103
Arco,-117.2551343,33.8407433
Arco,-117.285666,33.9172584
Arco,-117.2349676,32.7987962
USA Gasoline,-116.4228509,34.1210237
76,-117.1650829,33.1413505
Shell,-117.2094646,33.1308483
Arco,-118.1897731,33.8192266
Arco,-118.4872168,34.0093164
Arco,-118.3389105,34.0941907
Arco,-118.3228144,34.1050742
Arco,-118.2685405,34.0701658
Arco,-117.8360561,33.7881369
Arco,-117.8570883,33.8516253
Arco,-117.8793366,33.8742046
Arco,-117.8461306,34.0032897
Arco,-117.888171,33.9959066
Arco,-117.9322012,33.9913374
Arco,-117.965344,34.0052759
Arco,-118.070734,33.9947978
Arco,-118.0827102,33.9667449
Arco,-118.4487158,34.2746673
Arco,-118.4596779,34.3243071
Arco,-118.5413432,34.423014
Arco,-118.4736488,34.400043
Arco,-119.6572552,35.6150738
Valero,-120.1649599,36.1365235
Arco,-121.3135782,37.9545271
Arco,-121.3571516,38.020822
Arco,-121.5900431,38.6780783
Chevron,-121.7272767,38.6767114
Chevron,-121.7473237,38.6768985
Arco,-122.2116258,39.5244952
Arco,-122.2404506,40.1956332
Shell,-122.3821449,40.8919899
Chevron,-122.3346872,40.7052284
Sprint,-122.3857913,41.422278
,-122.6094057,41.6662978
Valero,-122.6394031,41.7185644
Texaco,-122.6345982,41.7310265
Chevron,-122.6353405,41.7306059
Chevron,-122.5632479,41.9008381
Valero,-119.3148074,36.3568606
Seminary Gas,-122.1741516,37.7801835
Arco,-122.1520498,37.7428709
Mobile Oil 12746,-118.4641112,34.405477
Arco,-118.3752426,33.7769354
Arco,-118.4278505,33.996759
Shell,-122.1483265,37.727359
,-116.3726823,33.2563695
,-117.0342895,33.2188863
Shell,-116.9541829,33.2659265
,-121.3649535,38.5959297
,-121.3648682,38.5953112
,-118.8743415,34.2852376
76,-116.5457821,33.9067001
Arco,-121.4853937,38.5595388
Chevron,-121.9668846,38.3641102
Chevron,-122.2122822,37.7746992
,-118.4138843,34.0091619
,-117.3625178,33.1752714
Chevron,-117.0831778,32.9771994
76,-121.9563461,37.2484437
Mobil,-117.8686413,35.7025343
Furnace Creek Gas Station,-116.8657224,36.4600491
Shell,-117.394611,35.7476532
Shell,-121.4753545,38.5409667
Pomo Pumps,-122.8822609,39.1398722
Chevron,-122.9201755,39.1630148
Rancher's Market,-118.2889471,34.6183331
ARCO,-117.9051155,33.8469415
,-121.2965403,38.5927097
76,-121.2716343,38.6049253
Chevron,-119.3277811,35.6011039
Chevron Santa Rosa,-122.735887,38.4800462
Chevron,-118.1335359,33.8745983
Panamint Springs Resort Fuel,-117.4675813,36.3392908
ARCO,-118.5363169,34.1796203
76,-117.1489435,32.7116851
Chevron,-116.3940959,33.7211366
Shell,-118.2988625,33.8580139
Mobil,-118.3087981,33.858664
76,-118.238772,34.0272046
Shell,-118.405398,35.6391305
Mobil,-121.319985,38.5810427
Shell,-121.3589315,38.561556
,-121.2911382,38.6107749
,-122.2652549,37.386574
76,-121.7849702,37.9943742
Stage Stop,-119.9693599,37.4884848
Eagle Gas,-122.217149,37.7703521
,-118.2656838,34.1247061
,-118.2664923,34.1248341
,-118.2660505,34.1251194
,-118.5276021,34.1658626
,-118.5269394,34.1650183
,-118.5268906,34.1656406
QuikStop,-122.2291343,37.7992357
,-122.7116348,38.3635593
Chevron,-118.805865,34.146407
Valero,-121.311438,37.9337453
Chevron,-120.8488035,37.4493357
Gas 4 Less,-121.2940174,37.9120987
76,-118.256979,33.831966
Alameda County Fueling Station,-122.265568,37.8010492
Valero,-121.6524918,36.68438
USA Gasoline,-117.9603095,34.0903816
Chevron,-117.9603522,34.0722197
Shell,-117.9605862,34.0923756
Mobil,-117.9971092,34.0776497
Chevron,-118.0125861,34.0750672
Arco,-118.0133555,34.0750476
Arco,-117.9252165,34.0894405
Chevron,-117.9339656,34.0899257
Shell,-117.9076077,34.0891634
76,-117.9080991,34.0865823
Valero Gas,-117.9523782,34.0791314
USA Gas,-117.9527719,34.0793131
Sierra,-120.423401,37.9559407
Chevron,-120.3495758,38.2563186
,-119.4811111,38.5171944
76,-117.9890089,34.0796183
Chevron,-120.4560383,38.1343591
Kwik Serv,-120.4057207,38.0271105
Shell,-120.5592101,38.0830066
Shell,-120.6512537,37.9735552
Shell,-121.1469311,37.9054096
Shell,-120.4562956,38.1382629
The Grizzly Bear,-120.3516056,38.2552636
Kwik Serv,-120.3547538,38.2532669
Shell,-119.9870769,38.9251212
,-117.8505881,34.128598
USA Gas,-117.92339,34.013027
76,-117.91421,34.031477
,-117.8722748,34.1219896
Chevron,-117.9074466,34.1141794
Shell,-117.9073931,34.1214922
Shell,-117.957939,34.0199541
76,-117.9586113,34.0198082
Mobil,-117.9674407,33.997195
Valero,-117.9683244,33.9962716
76,-117.9562608,34.0089489
Chevron,-117.88923,33.987365
Mobil,-117.9625343,34.0109802
Chevron,-117.8867246,34.0099756
Mobil,-117.90794,34.070142
Chevron,-117.9584478,34.0202614
Mobil,-117.88951,33.987629
Chevron,-117.8500781,34.0158123
Thrifty Gas,-117.91748,34.024508
Arco,-117.90743,34.075668
Shell,-117.9632412,34.0107845
76,-117.8954815,34.0274778
Shell,-117.9074956,34.0701479
Chevron,-115.5155918,32.6788029
Arco,-115.5163479,32.6788705
76,-117.8815683,34.0787812
Valero,-117.9091617,34.006676
Mobil,-117.9124024,34.0072059
76,-117.9738085,34.0920034
Mobil,-117.9496559,34.0373502
Shell,-117.9503055,34.0374239
ARCO,-121.2922637,38.6489096
Covelo Redwood Oil Co Station,-123.2484423,39.791501
Shell,-122.8900852,41.4623033
76,-122.9016874,41.5511594
Seiad Valley Card Lock,-123.1993191,41.8435255
76,-117.9273018,34.0701366
Hoopa Mini-Mart Gas Station,-123.6856218,41.0646401
Patriot Gas,-123.6286903,40.9389456
Chevron Willow Creek,-123.6293897,40.939058
Renner Petroleum,-123.6326505,40.9394407
Kettenpom Store,-123.4610175,40.1572623
Frontier Fuel & Propane Minimart,-123.1726253,40.5543829
Weaverville Gas,-122.9373826,40.7279686
Redwoods Gas,-122.9367369,40.7274631
Chevron,-122.928608,40.7375598
Platina Store,-122.8932458,40.3596415
Connor Cardlock,-123.3736923,41.7993691
Patriot,-123.5375754,41.3025708
Gas Mart,-123.5460637,41.3002196
Trinity Center Fuels,-122.7050298,40.9845142
76,-121.9105157,37.4544895
76,-118.4672538,34.0012926
Arco,-118.4361557,33.9598395
Shell,-117.9738298,34.106941
Arco,-117.9347127,34.1074022
Shell,-117.9405316,34.1067461
Chevron,-117.9259956,34.0745018
76,-117.9461814,34.074462
Chevron,-117.9321156,34.0616086
ARCO 54678,-118.1298285,34.1688658
Paskenta General Store,-122.54655,39.8847284
Elk Creek Service Station,-122.5384914,39.6022144
Thunderhill Fuel,-122.3321767,39.5367531
,-118.4942282,34.0169539
Shell,-117.9381092,34.0685027
Chevron,-121.2671028,38.603495
Valero,-122.410142,37.630704
Texaco,-122.633226,38.231275
Fuel Station,-124.123805,40.243401
General Store Fuel Station,-124.28758,40.324585
Renner Petroleum,-124.2018617,40.6166232
Beacon,-122.5043225,37.9605653
Circle K,-122.5050358,37.9608813
,-121.252004,37.7970943
Diamond Mountain,-120.6564933,40.4309407
,-120.6576319,40.4178081
,-121.0570791,38.926502
Express Gas,-116.7698262,34.9197604
Valero,-121.8778161,37.6915229
76,-121.8746654,37.67709
Chevron,-121.8742958,37.6761797
7-Eleven,-121.7730431,37.6980885
Chevron,-121.7741929,37.6978032
Exxon,-121.7417365,37.7007416
Chevron,-121.7410253,37.7000648
Valero,-121.7403265,37.7008576
Chevron,-121.4810426,38.4256841
Shell,-121.48132,38.4271618
76,-121.481334,38.428104
Shell,-121.3850584,38.4094459
Chevron,-121.384287,38.408651
76,-121.699799,37.7152125
Valero,-121.7227841,37.7056767
Shell,-117.8354223,33.7734642
Arco,-117.6801947,33.6143302
,-117.1882575,33.1485292
Safeway Gas,-119.9683886,38.9453045
,-117.8288873,33.7595242
Arco,-117.835567,33.784355
Pilot,-117.5418873,34.991868
Chevron,-117.366699,33.6850729
,-117.8352842,33.8020102
76,-122.1394933,37.688298
Hometown Gas,-121.4021936,36.8538221
Mobil,-120.6459763,40.4149914
Soda Creek,-122.9783849,39.4204016
Fastrack,-122.1003472,40.0309796
76,-120.2535338,40.1280687
Chevron,-120.5010347,40.2895042
Chevron,-122.3784635,41.3970442
Fuel 24:7,-122.5499054,37.9512373
,-123.7287569,39.8783924
Sam's Club,-117.2886651,33.9372959
Arco,-117.2793536,33.937999
Eagle Feather Trading Post,-118.8815281,36.0913467
Shell,-119.3490557,35.6017254
QuikStop,-121.2713559,38.6646206
76,-118.4239987,34.0579416
Mobil,-118.4321215,34.0439303
Mobil,-118.3388011,34.0836025
76,-118.338451,34.0836025
Limited oil,-118.4177523,33.9945313
,-117.2267416,33.8007086
Arco,-119.7890645,36.7431086
,-118.5253754,34.0473973
Mobil,-117.9896609,33.7299122
SP Super Petrol,-118.4195127,34.0113809
G&M,-117.9888247,33.7161594
Chevron,-117.9891044,33.6935442
,-117.9884138,33.6869251
Shell,-118.363998,34.0584358
Shell,-122.1862392,37.8805888
,-119.9391092,37.8159494
Shell,-117.3079723,33.2317996
Gas & Shop,-122.5625191,37.9773009
,-118.1597071,33.8889047
7-Eleven,-117.2471665,32.9491543
,-117.3911539,33.2750252
,-117.3087879,33.3144273
Chevron,-122.7523283,38.5017128
MAG Aviation Fuel,-119.8463092,34.4292462
Beacon,-121.8003931,36.6864559
7-Eleven,-121.7916454,36.6835581
7-Eleven,-121.8015462,36.6945104
,-119.8794778,36.8365741
Fort Independence Travel Plaza,-118.2293613,36.8362813
Shell,-121.293018,38.8882784
,-121.292984,38.8894277
World Gas Station,-122.0371266,37.9580024
Valero,-122.0412071,37.9890019
Bonfare Market,-122.0410528,37.9894467
Shell,-122.1176017,38.0129753
Chevron,-122.0604117,37.9531671
Chevron,-122.0590552,37.9339304
,-121.3544166,38.653565
Shell,-121.5079625,38.4807477
76,-122.4821492,37.7541976
E-Z Trip Truck Stop,-119.9151259,36.8323272
Chevron,-119.9159135,36.8344206
Shell,-119.4279633,36.3497791
Shell,-118.9404294,34.9894286
7-Eleven,-121.9610361,38.0361672
Valero,-121.9423703,38.0264867
Chevron,-121.9279616,38.0265093
Chevron,-121.9422432,38.0205895
Shell,-121.9413977,38.0199318
Arco,-121.9666173,38.0197664
Arco,-122.2784164,37.8139955
76,-122.4712484,37.6927092
Leggett Patriot Gas Station,-123.7150188,39.8648108
AM PM,-121.9666297,38.0200826
USA Gasoline,-117.953842,33.6938112
Shell,-117.671963,33.6002161
Chevron,-122.4358288,37.7888814
Exxon,-122.4588436,37.7858681
Chevron,-117.9889491,34.0181856
Chevron,-117.8449016,33.9999538
Shell,-122.5645025,38.0878494
76,-117.8898387,34.0701616
Chevron,-117.8897604,34.0749942
76,-117.8727266,34.0736911
Chevron,-117.8484082,34.043189
Arco,-121.6996022,38.1623332
Shell,-121.692267,38.160414
,-119.4884214,35.8879288
Arco,-121.9556517,38.5307523
Shell,-122.0045695,38.3590239
Mobil,-121.9958585,38.3492696
B,-122.4843047,37.8587134
Shell,-122.3025413,38.3221372
Speedway,-122.3007437,38.3229643
Chevron,-122.28572,38.3251419
Chevron,-122.2848039,38.309946
Northgate Gas / Marin Smog,-122.528464,37.9963889
Conserv Fuel,-122.2982553,38.3158839
76,-118.314306,34.0528808
,-117.2813507,33.0194005
Arco,-119.7323644,36.7362737
,-119.736098,36.7290768
Arco,-119.7821296,36.7072889
Chevron,-116.2334703,33.7142639
am pm,-116.2283474,33.7152044
California Auto Service & Gas,-122.4622826,37.785181
,-119.7543694,36.728807
,-118.3195216,34.1829389
Patriot Fuel,-123.412025,40.3531471
,-118.5418012,34.4154003
,-118.5407681,34.4223174
,-118.5605627,34.4137058
Chevron,-119.1777548,34.2261188
76,-118.2747568,34.0491807
Chevron,-119.5306847,34.4048847
,-121.5714116,39.4984048
,-121.5688839,39.4982292
Rotten Robbie,-121.9781659,37.3076478
Chevron,-117.0751403,33.0179688
Arco,-118.4763645,34.0072555
76 and Jack in the Box,-117.3013768,33.947009
,-118.9137966,36.7874053
Chevron,-118.197988,33.7818951
Shell,-118.19807,33.7819255
76,-118.16725,33.8077886
Shell,-122.2281952,37.4553765
Valor Gas Station,-117.651861,34.1509177
Costco Gasoline,-117.9957213,33.7326502
,-117.9934732,33.8031834
Exxon,-121.9938513,37.3097352
Shell,-121.9505122,37.308539
,-119.4809925,38.5172653
Quick Serve,-122.0674088,38.2537248
,-117.6113285,34.0638391
Circle K,-117.6116516,34.0631118
Valero,-117.6505732,34.0566623
,-117.6512911,34.0422351
Chevron,-117.6513947,34.0335433
Shell,-117.6514256,34.0342033
Chevron,-117.8096134,35.6478377
All Star,-122.045961,37.9708475
Pilot,-122.2084737,39.751213
ARCO - AM/PM,-117.8654769,33.887693
76,-121.8419233,37.2762075
,-120.8438815,37.7681824
Mobil,-120.8532461,37.7636815
,-120.9219919,37.688776
Chevron,-121.6587519,40.884997
Shell,-122.3200852,37.5674619
Arco,-117.2905968,34.4851887
,-117.9717568,33.7300854
,-121.9410399,37.2665734
Shell,-122.0265269,37.5428261
Chevron,-122.0262836,37.5417505
Berry Brothers Gasoline,-117.9586682,33.8175577
76,-119.7007216,36.7502429
,-122.4805634,37.5057773
Santa Barbara Gas,-119.7052786,34.4181401
Valero,-119.8263108,36.7505082
Sinclair,-119.8310226,36.7570927
Arco,-119.8308421,36.756907
Kwik Serve,-119.6990678,37.2621026
CSSS Gasoline,-119.6917306,37.2637901
Shell,-118.6847748,34.0346115
Mobil,-118.3728374,34.0905059
76,-118.3639127,34.0982465
Mobil,-118.3611504,34.0982862
Arco,-118.5787776,34.0405053
Fuel 24/7,-122.5350318,37.8953225
Chevron,-122.5229914,37.9038605
Shell,-121.810507,36.5234323
76,-120.8068407,38.7273932
Chevron,-120.8312047,38.6889361
Chevron,-118.2898333,37.1663452
Chevron,-117.375742,34.427064
Shell,-117.3770855,34.427069
Patriot Gas,-123.6074317,40.4921235
Shell,-121.936419,37.701513
Chevron,-121.9355496,37.702786
Valero,-121.9621265,37.3842778
76,-122.437806,37.773776
Kwik Serv,-120.2614227,37.8223381
Kwik Serv,-120.9838365,37.7940905
The Claim Jumper,-120.2573983,37.8240583
Gas Station,-120.2613168,37.822516
Chevron Milpitas,-121.8747101,37.4164009
,-121.2658547,38.7976274
Chevron,-118.0789357,33.7593119
Mobil,-118.062983,33.7119709
,-122.2587547,40.4465464
True Zero,-121.9189346,37.3731081
,-119.6005791,34.4215586
Chevron,-122.1815797,37.7966187
,-122.3545082,41.4752984
Shell,-118.361615,34.0759256
,-119.6544318,37.3316022
Arco,-118.3668016,34.1526125
76,-118.3698352,34.1519893
Chevron,-118.3403622,34.1530849
Sunset Oil,-118.3858571,34.090434
,-123.1663452,39.1333215
Mobil,-118.3705525,34.1501964
76,-118.3496278,34.1751953
76,-122.6703289,38.2697979
,-121.9353079,37.7055243
Mobil,-118.1322217,34.1524469
Chevron Sayd Gas & Deli-Shop,-118.1990474,36.80192
Ga,-123.4419448,39.0659695
,-117.2320712,32.7214125
Conserv Fuel,-120.4214528,34.9230673
,-122.1920552,39.2788076
Arco,-119.0428537,35.3841608
Valero,-122.2209032,40.1527904
Valero,-122.2910605,40.4526204
,-121.2317517,40.3061576
Shell,-121.2327924,40.3058865
,-120.6911835,35.6216405
Arco,-122.5168361,37.8961658
76,-121.4156695,38.6111928
Beacon,-121.4173681,38.6110656
World Gas,-122.3320937,37.9494751
76,-121.4019077,38.6182907
Chevron Milpitas,-121.9208686,37.452032
Texaco,-121.4752168,38.6114844
Chevron,-121.4758189,38.6109909
Union 76,-122.8487169,38.425809
,-117.9277956,34.919864
Mobil,-121.5165526,38.6140016
Shell,-118.1977287,36.8001682
Mobil,-120.691798,35.6284681
Chevron,-121.9916109,37.5187735
Klem's,-120.667989,35.4878211
Gas & Shop,-121.6967674,38.5503038
,-122.0670238,37.405095
Skywood Gas,-122.2638496,37.3866021
,-121.9543516,37.2720545
,-121.9991022,37.2842224
,-119.7509055,34.4377325
Iwatani,-121.9691768,37.7726685
True Zero,-120.2384949,36.2528044
Iwatani,-121.522066,38.5693786
Shell,-121.4477131,38.6113216
76,-118.4447088,34.0203128
76,-118.4384586,34.0105426
Shell,-122.4781847,37.6596808
Arco,-118.3929691,33.8636871
Valero,-122.4688339,37.6503604
Shell,-117.0083045,33.7868089
Chevron,-122.3833002,37.6013059
Arco,-118.3717314,33.9014502
General Store,-117.4676385,36.3391646
QuikStop,-121.7558543,38.6770826
Chevron,-121.996339,37.3802422
Circle K Gas,-120.8342332,37.0742998
Arco,-118.3522443,33.8803997
76,-118.352143,33.8768284
Shell,-119.0540964,37.8126415
davis natural gas fueling station,-121.7323377,38.5452267
City of Davis fuel station,-121.7308426,38.5490741
Valero,-117.2266562,34.1288329
Chevron,-117.2329046,34.1355561
,-121.5716064,39.5203385
,-121.5751818,39.4806365
Browns Valley One Stop,-121.4134795,39.228532
Victoria Gas,-117.2265876,34.1215356
Circle K,-117.2127144,34.1353745
,-120.2390819,37.9712981
Chevron,-121.9717209,37.3204734
,-124.1305572,40.2444192
,-120.5266701,38.046057
,-120.5418406,38.0719395
,-120.5468497,38.0755712
,-120.5473687,38.0757897
,-120.6762636,38.1922906
,-120.6750432,38.1912714
,-120.6827062,38.1965625
,-120.6887265,38.1995768
,-120.6928262,38.19925
Arco,-117.335131,34.1623955
Canyon Auto Service,-122.2601588,37.4722684
,-122.7250894,38.4602792
,-121.9180566,41.9643067
Shell,-122.5693567,38.1111148
,-121.2247145,38.7881849
Shell,-122.2545727,38.1101838
Sinclair,-122.2544626,38.1092888
Valero,-122.2545657,38.1097953
Exxon,-122.254903,38.0973066
Benton Station,-118.4772269,37.8185183
Shell,-117.5357691,34.1355782
Chevron,-122.2334062,38.0780444
Shell,-117.8500524,33.7270301
Shell,-117.6017217,33.8795398
Arco,-121.0044071,37.6359951
Shell,-117.8474685,33.9681775
Shell,-118.4952559,35.1245793
Shell,-117.2849598,33.9176077
Shell,-119.0276332,35.2961418
Shell,-123.7953391,40.0990953
Shell,-120.1647937,36.137211
Shell,-118.3705525,34.1936399
Arco,-122.2852535,37.9944453
Arco,-120.9381957,37.580573
,-121.7329108,36.4801265
Shell,-118.4134519,34.157787
Shell,-121.941805,37.7228722
gas walnut,-117.8865572,33.6917208
Sierraville Service and Country Store,-120.3675161,39.5875858
Shell,-118.5030808,34.2209819
Shell,-120.8878454,37.5215849
Shell,-117.621599,34.0779422
Shell,-119.3134475,36.3061463
Shell,-122.2362149,37.4931439
Shell,-117.3220901,33.2449306
Shell,-118.9297635,35.3986633
Shell,-121.4276515,38.4739267
Arco,-118.8825135,34.2784302
Shell,-117.2792053,33.1895137
Shell,-121.336405,37.9644052
Valero,-121.4928221,38.5376281
Chevron,-121.2871776,38.593267
76,-118.1256468,33.7941717
Arco,-118.1429413,33.7827701
Shell,-118.1826242,33.7666243
Chevron,-118.299931,34.1741361
Loves',-121.1415517,37.7552399
Chevron,-117.9208258,33.769565
Arco,-117.920722,33.768995
Chevron,-117.6701132,35.6503571
,-117.7295039,33.570105
Stony Creek Gas,-118.8411237,36.6640494
Kwik Serv,-117.382188,35.7554707
Shell,-119.0516865,35.8919747
,-119.8438505,36.7715715
,-119.7547874,36.7793294
,-117.8414048,33.8881118
,-119.8699625,36.8220045
Fuel Good,-122.0070166,41.8278574
76,-121.5034156,38.5371221
,-119.8709723,36.7933375
,-119.8466965,36.7785088
Chevron,-122.0492164,37.5499269
Shell,-117.1238356,33.5908432
Valero,-122.257364,37.8260532
7-Eleven,-122.0515772,37.322457
Arco,-117.9585931,33.8394274
Mobil,-117.5194082,33.8890984
,-117.5226738,33.8861214
Valero,-121.4980068,38.5633176
7-Eleven,-117.168801,33.6411148
,-118.4366941,37.3610759
,-122.2200963,37.7751202
,-118.2224783,34.0841565
,-118.2224166,34.08357
,-118.2220652,34.083851
,-118.2228354,34.0838972
Shell,-122.2000267,37.7933627
76,-121.468462,38.5664737
Chevron,-119.1779834,34.1730802
Mobil,-121.977253,37.2355482
,-120.7047861,35.5503198
Velero,-120.670101,35.2687923
76,-121.4503196,38.5102176
Valero,-121.4485098,38.5106647
,-118.3947122,37.3576434
,-118.4019086,37.3611612
7-Eleven,-121.4382385,38.5468914
,-121.1217862,37.6382333
Chevron,-121.4831562,38.4955645
Valero,-121.4799415,38.4955559
Chevron,-122.5112384,37.9024185
Shell Gas Station,-118.3533109,34.041037
Chevron,-116.50092,33.9470775
Chevron,-121.4665962,38.5721893
Stop and Shop,-121.4631235,38.5664798
Shell,-121.449263,38.5391991
Chevron,-121.4423826,38.5252418
Jackson's Service Center,-120.6450417,40.4143031
Renner,-124.0744611,41.5782146
Arco,-118.3766904,33.9524102
,-118.3773248,33.9528641
Shell,-121.4642228,38.5252381
Valero,-121.4714708,38.5246224
El Gallo Petrol,-117.0662436,32.6054081
,-117.0517322,32.6004941
76,-121.8204792,39.7615877
CNG,-117.4543277,33.9604525
Hydrogen,-117.4120521,33.9239287
CNG,-117.411889,33.9240033
Chevron,-123.3498164,39.3986904
Don Pedro Market,-120.3303046,37.6847751
,-117.9985828,33.8737412
Arco,-117.2132854,32.7544749
Chevron,-116.1720793,33.7173091
,-116.1706361,33.716379
76,-122.501673,37.7566948
,-117.0185211,32.6977267
Chevron,-123.7952663,40.0995111
,-117.0648845,32.6015451
US Super Gas,-117.0390094,32.6050258
Arco,-117.051576,32.6042658
,-118.059755,33.9021137
Stage Coach Liquor,-120.6772942,35.4939531
Chevron,-122.5685209,38.1109286
76,-121.4607973,37.753748
Chevron,-122.3033095,40.5351681
,-120.1206971,40.044939
,-120.0822535,39.382801
Cloverdale Gas & Go Food Mart,-123.017499,38.7934958
Fast & Easy Gas Mart,-123.0164979,38.7999889
Quik Stop,-123.0225865,38.8124483
Sinclair,-123.0116517,38.7837594
,-120.1472038,39.1662367
,-120.1468518,39.1665718
Dawson Oil Co.,-121.2188004,38.8037086
Shell,-117.0770717,33.7386571
Bridgeway,-122.8661106,38.4461802
,-120.188492,34.6117529
,-117.0776939,33.7384709
,-117.0323425,33.7433443
CFO,-117.0459336,32.6284193
,-120.1317913,37.0192515
,-117.0071767,33.7734153
Oakland Airport CNG Station,-122.2152752,37.7350887
Chevron,-122.1938842,37.7298726
,-118.2113209,34.2092846
Arco,-118.3550732,34.0905918
76,-118.3635181,34.090634
Shell,-118.3652052,34.0905662
United Oil,-118.2539887,34.0755597
Mobil,-118.4367785,34.0500812
76,-118.4489773,34.0465631
Shell,-118.4535073,34.0446407
76,-118.4614268,34.0411708
Mobil,-118.4917966,34.0194744
Valero,-117.2934269,34.535511
Chevron,-117.3168478,34.5199866
Shell,-117.3158398,34.5183967
Oakland Marinas Fuel Dock,-122.2751429,37.7927426
,-120.8051562,38.3955997
,-123.5432391,39.1524484
Chevron,-118.0439755,33.8027646
Circle A - Gas & Food Mart,-121.6964507,37.9613045
Chevron,-121.6957409,37.9592094
Mobil,-121.6957736,37.9585687
,-119.7079004,37.2140723
,-119.8120622,37.489033
Chevron,-116.2771637,33.7070109
76,-122.3851224,37.5967648
76,-122.2558685,38.123457
Power Market Gas Station,-121.6897989,37.9251948
Chevron,-121.6954383,37.9319636
Brentwood Petroleum,-121.6959522,37.9411488
Chevron,-121.7356575,37.9258364
Arco,-121.737989,37.9249046
7-Eleven,-121.8360778,38.0056406
Shell,-121.8342172,38.0061597
,-118.4308883,34.2014637
United,-118.4483746,34.2015171
Valero,-122.3718913,40.6252505
Chevron,-120.3625131,36.1370753
Speedway,-122.2755203,38.2923496
Valero,-121.6024834,37.9041906
Gateway Chevron,-117.1371328,33.4796735
Terpel E.D.S Zona Minera,-72.9450253,7.3473618
Sinclair,-122.1481822,39.1555055
Shell,-122.1399457,39.158211
Chevron,-122.2010335,39.8723688
Shell,-122.2898105,40.4379837
Costco Gasoline,-116.9875722,32.8418903
Moes Stop,-121.8634885,37.3559314
Sinclair Dino Mart,-118.2866155,34.0884785
7-Eleven,-117.121998,32.8079523
Circle K,-122.2380184,37.4886315
Chevron,-122.260133,37.8563996
Rotten Robbies,-121.7462537,37.6801065
Costco Gasoline,-121.8088753,39.7210826
Arco,-122.1402501,39.1588129
Arco,-122.2959382,38.3080077
,-122.6126817,38.9098445
Chevron,-118.2838621,34.040125
Speedway,-122.1935137,39.9278185
Shell,-118.2913398,34.059549
Propel,-121.904639,37.3555532
,-117.3930645,34.134114
Mobil,-117.5928519,34.0698214
Arco,-117.470931,33.8979008
Arco,-121.3834356,38.6513418
Chevron,-119.6733416,36.3283944
Chevron,-117.6191882,33.5217791
Chevron,-119.160908,35.5000962
Chevron,-121.4827471,38.5245643
76,-121.4978768,38.5244302
Chevron,-117.7189346,34.080336
Arco,-121.5309028,38.613656
Speedway Gas,-117.3797275,33.9771312
Arco,-121.3827285,38.5744205
Shell,-121.3826376,38.5738817
76,-121.3130374,38.7079393
Quick Stop,-121.327127,38.704872
Chevron,-121.3276752,38.705833
Arco,-121.33584,38.5436472
Chevron,-118.3851008,33.8192368
76,-121.5157491,38.5167363
Costco Gasoline,-119.6076884,36.3247995
,-117.1390567,32.7556916
Sunset Gas and Market,-117.2544348,32.7365653
Mettler Station,-118.9703392,35.0626727
Arco,-118.4336532,34.2572545
Arco,-119.6827187,34.4241786
Chevron,-119.0383249,36.0801323
Valero,-119.0377965,36.0798006
Arco,-117.117183,32.8103566
Arco,-121.5752246,39.1259715
C Stop,-121.5685308,39.1230298
Shell,-121.5555287,39.1098222
7-Eleven,-121.5555741,39.1094842
Lally Gas & Food,-121.5518041,39.0976863
Oliverhurst Mini Mart,-121.5514153,39.0954058
Mobil,-118.2892448,37.1689398
76,-118.2632772,34.0777271
Mobil,-117.3758319,34.4262683
7 Eleven,-117.3522155,34.0025367
Valero,-117.3922232,33.9607302
76,-117.3417721,33.9832031
76,-117.43432,33.9457291
Chevron,-117.3740553,33.973891
Kimi,-117.3625874,33.9760097
ARCO,-117.3418427,33.9833022
76,-117.3650123,33.9952042
Kwik Serv,-117.3644678,34.0006622
76,-117.4941697,33.8982132
ARCO,-117.5148255,33.8820032
Circle K,-117.513695,33.881775
76,-117.3251609,33.9156376
Circle K,-117.3316124,33.886991
76,-117.350299,33.8846886
Valero,-117.3496701,33.8851851
Arco,-117.321167,33.9158524
Shell,-117.5591483,34.1210111
76,-118.3701526,33.8580361
Shell,-116.9730318,32.742982
,-116.9281903,32.7693187
76,-117.0984004,32.8213157
76,-121.9133827,37.4270435
MD,-122.9847487,38.5115668
Chevron,-122.6870049,38.4382288
Chevron,-122.5560539,38.0942584
Shell,-121.8841649,37.4358902
Shell,-121.9976058,38.3479594
Chevron,-121.5225889,38.6554832
Arco AM/PM,-121.2715998,38.6450792
,-121.2722591,38.7032388
,-121.2714815,38.7034921
,-121.2257575,38.7442424
,-121.2267254,38.7435168
,-119.7896394,36.7861985
,-121.3098171,38.636363
Card-Lock Fuel Station,-120.8245068,38.6929581
,-120.9153361,38.6783403
,-120.8223444,38.6999634
test,-120.6203039,35.2980033
Chevron,-114.595275,34.8271162
Chevron,-118.3345435,34.0328905
Mobil,-118.3346735,34.0323804
Shell,-118.7419317,37.5670936
,-118.452629,33.9882046
,-118.2710798,34.0461635
,-118.343533,33.9161444
,-118.3609164,33.9166408
,-118.3616459,33.9161556
,-118.4218146,33.9632192
,-118.3443645,34.0946589
True Zero,-120.2236338,39.3247776
True Zero,-121.9686955,37.5220591
True Zero,-122.4061255,37.6481165
,-122.1333584,37.418715
,-117.0001485,32.6448702
,-118.0020905,33.858627
,-119.021692,35.3536438
,-117.1733576,32.729421
,-117.1813319,32.7428193
,-117.1819034,32.7431328
Shell,-118.0945881,34.5800634
Arco,-118.0856013,34.5804179
,-119.6634601,37.3356008
NEX Gas Station,-117.1922764,32.7430717
Ralph's Gas Station,-117.2258743,32.7288604
,-118.625008,34.4960758
,-119.3141051,36.2981013
,-119.2761974,35.8943499
,-119.807594,36.74569
NEX Gasoline,-117.2251165,32.7284741
,-118.8742536,34.2785591
,-121.8652876,36.5959766
Shell,-118.2920175,34.0620846
7-Eleven,-117.2610615,33.9393327
76,-117.1523098,32.8139656
Shell,-120.4952547,37.3002465
Arco,-121.073539,37.7003086
Shell,-119.209629,36.3257221
Chevron,-120.9999365,37.2597288
Valero,-118.1499472,34.1170708
,-121.4354616,37.7641353
Flyer's,-122.7084864,38.4134204
Valero,-122.2819533,41.1952946
76,-122.7486012,38.4972334
Shell,-122.7865745,38.5260977
Speedway,-122.603995,38.2339422
Chevron,-122.0333137,38.2928403
Valero,-122.2995083,40.4524272
,-122.2999523,40.451473
Chevron,-122.538271,41.6464938
Love's,-122.196181,39.9071813
mobile,-116.0528975,34.1354112
Chevron,-117.0901664,32.9770732
Shell,-122.22905,40.1795007
Wave Gas,-122.0899652,37.6203875
Mobil,-118.7174225,34.2807899
Arco,-121.4565629,38.6437606
Chevron,-118.3639131,34.0721187
Circle K,-121.5963907,36.6951522
Chevron,-122.7807599,38.5107388
Arco,-121.6643573,36.7215711
76,-117.769935,33.6891645
76 gas station,-122.3190891,37.5661361
Campus Gas Pump,-117.0683867,32.7774571
Carmel Highlands Chevron,-121.9362236,36.5053651
,-117.1054826,32.5763072
,-117.1053583,32.5767424
Safeway Gas Station,-122.2509253,37.7587524
76,-118.0139423,34.1095536
Pacific Pride,-121.5520236,38.5770679
,-117.1970677,32.9914256
,-122.0563866,38.2495444
Chevron,-119.6547328,36.3596647
Valero,-122.1263102,38.2216137
Arco,-122.1271036,38.2217027
7-Eleven,-122.1267684,38.22058
Shell,-122.1278593,38.2212655
Chevron,-122.129497,38.2211329
Chevron,-122.2523307,38.1226977
Chevron,-122.2173011,38.1062901
Chevron,-121.8398324,38.4582894
Shell,-121.8221057,38.4643362
76,-121.8235367,38.4697119
Chevron,-121.8228947,38.4688305
,-121.8226864,38.456417
Albany Hill Mini Market,-122.2998467,37.8921585
Sierra Energy 15,-121.2041967,39.2064017
,-117.615328,33.4307765
Valero,-120.6273732,36.6393705
Fuel Station,-119.1039283,36.2038526
Shell,-122.2196093,40.1834042
76,-121.8191259,37.3564862
Rotten Robbie,-121.822589,37.3594613
Sam's Club,-121.6463138,39.1410786
Chevron,-121.5238594,38.5746575
Chevron,-121.5017057,38.4814561
Shell,-121.4307115,38.5005578
Chevron,-121.2947498,38.2533665
Arco,-121.3103636,38.2902124
,-121.3011828,38.2530436
Costco Gasoline,-121.2615416,38.0997653
Arco,-121.2690089,38.1016242
Shell,-121.3060671,38.1151735
Chevron,-121.3105028,38.1146348
Kwik Serv,-121.2784405,38.1151898
,-121.3073641,38.1297381
,-121.2601502,38.1278566
Arco,-117.1196586,34.0281213
Shell,-121.7912376,37.2560628
,-121.4572635,38.6842388
Arco,-121.3649382,38.7139849
Chevron,-121.3640635,38.7137192
Chevron,-121.7843112,38.6772741
76,-121.7842458,38.6785119
Fastrip,-117.9747011,35.1262518
,-117.9861227,35.12559
Love's,-122.1439997,39.1674884
Valero,-122.7100707,38.3479496
76,-122.5806268,38.5754772
76,-119.5177164,34.398132
Renner,-123.7902842,40.0088706
Arco,-119.512238,34.3962499
Renner,-123.7951046,40.1103711
Cecilville Station,-123.1399855,41.1410412
,-122.077986,37.884539
Shell,-118.8519845,34.7940332
Shell,-121.1021925,35.5685812
FuelGood,-120.9927528,40.3153217
76,-121.7476235,36.7582749
Santa Rosa Pit Stop,-116.5450614,33.5608415
Arco,-119.0500861,35.3392836
,-118.1288894,34.6464592
,-118.1289044,34.6455818
,-124.0715345,41.79311
,-122.0614722,37.8928439
Mobil,-122.0613193,37.8923274
,-122.0607024,37.892448
Fastrip,-117.8978117,34.5061971
Mobil,-117.9806362,34.5207263
Kwik Serv,-117.9858559,34.5208776
Ed Staub & Sons Petroleum & Fuel Commander Cardlock,-121.4077845,41.0452971
U.S. Gasoline,-119.9887558,38.9234209
American Gasoline,-119.9796332,38.930231
Chevron,-119.9942511,38.9197548
7-Eleven,-117.1739135,33.5556909
Shell,-117.7324786,34.0028043
Rotten Robbie,-121.6564489,36.6656942
Chevron,-117.7284206,34.0026362
Shell,-117.9457954,33.9176777
Pilot,-117.0877241,34.8546546
,-117.8503974,33.8233371
Shell,-117.0348082,32.5944236
Mobil,-117.7382061,33.8616397
Sierra Super Stop,-121.1034851,39.3701609
