longitude,latitude,radius,county,risk_category
-122.97388899999999,38.345278,1,Sonoma,0
-120.88578700000001,40.081003,1,Plumas,0
-121.94008600000001,39.809273,1,Nevada,0
-116.23139599999999,33.831128,1,Riverside,0
-122.857675,38.101176,1,Marin,0
-121.23472199999999,40.3025,1,Plumas,0
-119.400833,35.058889,1,Kern,0
-121.525915,39.906141,1,Nevada,0
-118.303,33.92348,1,Los Angeles,0
-120.551979,38.074667,1,Calaveras,0
-122.96665700000001,38.250583,1,Marin,0
-122.580898,37.862086,1,Marin,0
-122.699146,38.061577,1,Marin,0
-117.66,34.236111,1,San Bernardino,0
-122.68946899999999,38.013861,1,Marin,0
-116.37498000000001,33.25665,1,Imperial,0
-116.886523,34.86215,1,San Bernardino,0
-122.525493,37.904404,1,Marin,0
-115.692714,32.79475,1,Imperial,0
-122.73704,39.02986,1,Lake,0
-117.631111,34.602222,1,San Bernardino,0
-117.8125,35.646944,1,Kern,0
-122.97407,39.18934,1,Lake,0
-122.686568,37.909209999999995,1,Marin,0
-114.41,34.483000000000004,1,San Bernardino,0
-119.419358,36.349117,1,Tulare,0
-122.6447,37.900447,1,Marin,0
-122.904946,38.24654,1,Marin,0
-117.07722199999999,34.240833,1,San Bernardino,0
-122.224884,38.197520000000004,1,Napa,0
-122.64540500000001,38.012655,1,Marin,0
-117.908625,34.931746999999994,1,Kern,0
-122.517255,38.114795,1,Marin,0
-122.27673100000001,37.27042,1,San Mateo,0
-122.344756,38.529655,1,Napa,0
-123.01388899999999,38.470278,1,Sonoma,0
-122.54611100000001,38.41388900000001,1,Sonoma,0
-123.11555600000001,38.449721999999994,1,Sonoma,0
-122.86638899999998,38.4375,1,Sonoma,0
-118.473056,35.618056,1,Kern,0
-123.085278,38.533333,1,Sonoma,0
-122.664097,38.013109,1,Marin,0
-122.20299999999999,37.4335,1,San Mateo,0
-120.298198,39.320596,1,Nevada,0
-122.224884,38.197520000000004,1,Napa,0
-123.454444,38.71527800000001,1,Sonoma,0
-122.806944,38.069167,1,Marin,0
-122.01,39.4032,1,San Mateo,0
-122.402129,37.791412,1,San Francisco,0
-117.450278,34.459167,1,San Bernardino,0
-117.04851399999998,32.556644,1,San Diego,0
-118.994592,34.263681,1,Ventura,0
-121.105093,39.367443,1,Nevada,0
-122.197222,37.399444,1,San Mateo,0
-122.42138899999999,38.458611,1,Napa,0
-121.02414399999999,39.199754,1,Nevada,0
-120.79501200000001,39.361486,1,Nevada,0
-121.28975,39.193220000000004,1,Nevada,0
-120.021212,39.392752,1,Nevada,0
-120.96725500000001,39.145764,1,Nevada,0
-122.478889,37.6925,1,San Mateo,0
-120.64145,39.26599,1,Nevada,0
-122.20865800000001,37.29111500000001,1,San Mateo,0
-122.1966,37.4744,1,San Mateo,0
-120.41038999999999,39.311156,1,Nevada,0
-118.836405,35.703491,2,Kern,0
-117.32865100000001,33.679744,2,Riverside,0
-117.99598200000001,34.667605,2,Los Angeles,0
-114.560561,32.789371,2,Imperial,0
-116.68463500000001,35.26284000000001,2,San Bernardino,0
-117.14638899999999,36.606111,2,Inyo,0
-114.73166699999999,33.595833,2,Riverside,0
-116.494722,34.157222,2,San Bernardino,0
-119.31319199999999,34.397521999999995,2,Ventura,0
-120.159167,38.404444,2,Calaveras,0
-118.3798,34.0557,2,Los Angeles,0
-118.72974599999999,35.723529,2,Kern,0
-117.401389,34.216389,2,San Bernardino,0
-118.96968000000001,34.840088,2,Kern,0
-118.27900700000001,34.275218,2,Los Angeles,0
-119.156667,34.846944,2,Kern,0
-118.628869,35.29122299999999,2,Kern,0
-114.369722,34.133889,2,San Bernardino,0
-119.364401,35.29931,2,Kern,0
-117.670833,35.6225,3,Kern,0
-116.62567800000001,33.183513,3,San Diego,0
-122.35301899999999,38.28391,3,Napa,0
-116.19145,32.630987,3,San Diego,0
-118.52,34.42,3,Los Angeles,0
-122.237357,38.622114,3,Napa,0
-118.793982,34.415274,3,Ventura,0
-122.46704299999999,38.536308,3,Napa,0
-115.994099,32.686531,3,Imperial,0
-118.875922,35.3464,3,Kern,0
-118.869875,34.143531,3,Ventura,0
-118.344627,33.78358,3,Los Angeles,0
-116.949444,34.045,3,San Bernardino,0
-120.67673899999998,38.191886,3,Calaveras,0
-116.94718600000002,34.267410999999996,3,San Bernardino,0
-117.70358799999998,34.144344,3,Los Angeles,0
-116.9825,34.145833,3,San Bernardino,0
-118.93438300000001,34.234796,3,Ventura,0
-118.412269,33.982584,3,Los Angeles,0
-118.061967,34.033775,3,Los Angeles,0
-117.98583300000001,35.125833,3,Kern,0
-117.744875,34.49129,3,Los Angeles,0
-119.556497,35.178492999999996,3,Kern,0
-120.5275,38.399167,4,Calaveras,0
-118.6875,34.208056,4,Ventura,0
-118.26899999999999,33.974540000000005,4,Los Angeles,0
-119.301801,36.631989000000004,4,Tulare,0
-122.57459899999999,38.623391999999996,4,Napa,0
-117.96776399999999,34.145326000000004,4,Los Angeles,0
-122.71383999999999,38.83313,4,Lake,0
-122.8746,39.0027,4,Lake,0
-117.835314,34.088091,4,Los Angeles,0
-122.66557,38.97039,4,Lake,0
-117.22566599999999,34.22955,4,San Bernardino,0
-118.336327,34.058935999999996,5,Los Angeles,0
-119.49649699999999,36.044290000000004,5,Tulare,0
-118.68111100000002,37.561389,5,Mono,0
-119.24681299999999,34.447717,5,Ventura,0
-120.641944,37.981111,5,Calaveras,0
-118.429088,34.661878,5,Los Angeles,0
-117.260278,32.995278000000006,5,San Diego,0
-118.944722,34.822778,5,Kern,0
-118.331354,33.333921000000004,5,Los Angeles,0
-120.252068,36.64803,6,Fresno,0
-118.084149,34.498971999999995,6,Los Angeles,0
-118.52311599999999,36.303084999999996,6,Tulare,0
-119.22916699999999,35.678056,6,Kern,0
-121.189722,35.643889,6,San Luis Obispo,0
-114.951687,33.334267,6,Imperial,0
-119.120898,36.737991,6,Fresno,0
-119.22916699999999,35.678056,6,Kern,0
-118.562992,35.219588,6,Kern,0
-119.206571,34.843183,6,Kern,0
-118.580785,34.760448,6,Los Angeles,0
-120.562377,38.409966,6,Amador,0
-118.000747,34.323634999999996,6,Los Angeles,0
-117.165,34.253889,7,San Bernardino,0
-118.508875,35.568923999999996,7,Kern,0
-117.2,34.933333000000005,7,San Bernardino,0
-118.06045400000001,34.063425,7,Los Angeles,0
-118.40264199999999,34.400323,7,Los Angeles,0
-118.68111100000002,37.561389,7,Mono,0
-119.061497,34.353092,7,Ventura,0
-116.52666699999999,32.828056,7,San Diego,0
-118.343701,34.058007,7,Los Angeles,0
-118.90708899999998,34.18054,7,Ventura,0
-119.221251,34.159362,7,Ventura,0
-118.386954,34.674457000000004,8,Los Angeles,1
-117.59810900000001,34.122232000000004,8,San Bernardino,1
-122.41662600000001,38.679328999999996,8,Napa,1
-117.755031,34.689335,8,Los Angeles,1
-116.920278,34.088333,8,San Bernardino,1
-117.95931100000001,33.947844,8,Los Angeles,1
-117.670056,35.018887,9,Kern,1
-120.72083300000001,35.199166999999996,9,San Luis Obispo,1
-120.95138899999999,40.14,9,Plumas,1
-118.93311200000001,34.401069,9,Ventura,1
-118.661948,34.192708,9,Los Angeles,1
-124.07194399999999,41.7925,9,Del Norte,1
-118.356806,33.776376,9,Los Angeles,1
-117.80511299999999,35.640156,9,Kern,1
-116.286294,32.663632,9,San Diego,1
-122.565905,38.035712,10,Marin,1
-118.384148,35.64363200000001,10,Kern,1
-116.6875,34.827778,10,San Bernardino,1
-118.36339199999999,34.595496999999995,10,Los Angeles,1
-119.694167,35.616389,10,Kern,1
-116.61583300000001,32.852778,11,San Diego,1
-123.03861100000002,38.324444,11,Sonoma,1
-118.12008200000001,33.781865,11,Long Beach,1
-118.430213,34.47789,11,Los Angeles,1
-118.10253300000001,34.139229,11,Los Angeles,1
-119.51388899999999,37.0375,11,Fresno,1
-116.673979,33.108888,12,San Diego,1
-117.90075900000001,33.602251,12,Orange,1
-121.88861100000001,37.594444,12,Alameda,1
-116.392222,34.266110999999995,12,San Bernardino,1
-117.23361100000001,34.238889,12,San Bernardino,1
-118.347168,33.760022,12,Los Angeles,1
-118.759551,34.174226000000004,12,Ventura,1
-118.21058300000001,34.001902,13,Los Angeles,1
-122.44998799999999,38.57722800000001,13,Napa,1
-122.38077,38.363302000000004,13,Napa,1
-119.059692,36.144890000000004,13,Tulare,1
-122.36711000000001,38.396425,13,Napa,1
-122.51181499999998,37.540905,13,San Mateo,1
-121.148416,39.229085999999995,13,Nevada,1
-122.588172,38.01005900000001,13,Marin,1
-116.06583300000001,35.275833,14,San Bernardino,1
-119.394714,36.64647,14,Tulare,1
-121.640556,38.015,14,Contra Costa,1
-119.00931200000001,38.016591,14,Mono,1
-122.77,38.496389,14,Sonoma,1
-117.382778,35.765278,14,San Bernardino,1
-120.829167,38.191666999999995,14,Calaveras,1
-117.84888799999999,34.15532,14,Los Angeles,1
-120.18043999999999,39.329874,14,Nevada,1
-116.820278,34.905,14,San Bernardino,1
-118.61063700000001,34.31406,15,Los Angeles,1
-122.56166699999999,37.974722,15,Marin,1
-118.03253600000001,34.526511,15,Los Angeles,1
-117.961701,34.733315000000005,15,Los Angeles,1
-118.168691,33.801783,15,Long Beach,1
-118.93448899999999,34.840174,15,Kern,1
-118.661203,34.163748999999996,15,Los Angeles,1
-118.448889,35.132222,15,Kern,1
-120.10244099999998,36.428874,15,Fresno,1
-118.16333300000001,34.864167,15,Kern,1
-122.487025,37.942256,15,Marin,1
-118.51166299999998,35.710558,16,Kern,1
-116.58555600000001,33.070833,16,San Diego,1
-117.49916699999999,34.259167,16,San Bernardino,1
-117.82055700000001,34.056470000000004,16,Los Angeles,1
-117.21686299999999,34.244027,16,San Bernardino,1
-121.23472199999999,40.3025,16,Plumas,1
-122.39840900000002,37.79937,16,San Francisco,1
-120.84472199999999,38.481944,17,Amador,1
-117.862804,34.971263,17,Kern,1
-120.893611,35.438333,17,San Luis Obispo,1
-120.65961599999999,35.282752,17,San Luis Obispo,1
-122.90840700000001,41.336228999999996,17,Siskiyou,1
-116.638908,33.549092,17,Riverside,1
-122.92033,39.216,17,Lake,1
-122.36711000000001,38.396425,17,Napa,1
-122.78756000000001,39.06556,17,Lake,1
-117.334167,34.598889,17,San Bernardino,1
-119.45638899999999,35.1425,17,Kern,1
-119.39916699999999,37.018889,17,Fresno,1
-116.82888899999999,34.243333,17,San Bernardino,1
-122.508804,37.89778,18,Marin,1
-118.504448,35.733109999999996,18,Kern,1
-120.90777800000001,39.935278000000004,18,Plumas,1
-119.09693100000001,36.413681,19,Tulare,1
-117.94833200000001,35.302887,19,Kern,1
-122.21305600000001,38.0525,19,Contra Costa,1
-119.79,36.842778,19,Fresno,1
-117.344167,34.154167,19,San Bernardino,1
-121.09142,38.976836999999996,20,Nevada,1
-118.01568799999998,34.614211,20,Los Angeles,1
-117.968387,34.153532,20,Los Angeles,1
-116.423024,33.25489,20,San Diego,1
-121.98944399999999,37.238056,20,Santa Clara,1
-122.46449799999999,37.872669,20,Marin,1
-119.246779,36.740263,20,Fresno,1
-117.91925900000001,34.463499,21,Los Angeles,1
-122.3163,38.1997,21,Napa,1
-118.284121,34.764410999999996,21,Los Angeles,1
-118.13385600000001,34.535644,21,Los Angeles,1
-120.5238,35.5187,22,San Luis Obispo,1
-122.083611,37.08277800000001,22,Santa Cruz,1
-116.63361100000002,33.282222,22,San Diego,1
-119.00931200000001,38.016591,22,Mono,1
-122.53498,38.79255,22,Lake,1
-119.224883,36.399684,22,Tulare,1
-118.262956,33.890237,22,Los Angeles,1
-121.429152,39.011038,22,Yuba,1
-119.71194399999999,36.98777800000001,22,Fresno,1
-118.306794,34.62562,23,Los Angeles,1
-122.124444,37.131389,23,Santa Cruz,1
-123.709722,38.929444000000004,23,Mendocino,1
-120.57194399999999,38.431944,23,Amador,1
-118.14174799999999,34.765963,24,Los Angeles,1
-117.70912,34.15187,24,Los Angeles,1
-122.807184,38.068504,24,Marin,1
-116.76246599999999,33.743539,24,Riverside,1
-121.638056,37.867222,24,Contra Costa,1
-119.42384399999999,35.050872,25,Kern,1
-118.093345,33.879439,25,Los Angeles,1
-118.881099,34.280189,25,Ventura,1
-122.52293999999999,37.998178,25,Marin,1
-120.46972199999999,39.810278000000004,25,Plumas,1
-122.59118000000001,38.78898,25,Lake,1
-117.898903,34.494142,25,Los Angeles,1
-120.65888899999999,38.413056,25,Amador,1
-118.357555,34.159662,25,Los Angeles,1
-122.26799999999999,37.4647,25,San Mateo,1
-122.333426,37.205116,25,San Mateo,1
-118.35843999999999,34.166653000000004,25,Los Angeles,1
-117.08694399999999,33.707778000000005,26,Riverside,1
-118.526491,34.34704,26,Los Angeles,1
-122.41638799999998,38.446383000000004,26,Napa,1
-118.651748,34.238237,26,Los Angeles,1
-115.828515,33.248298,27,Imperial,1
-122.555619,37.962559999999996,27,Marin,1
-119.067431,36.325222,27,Tulare,1
-122.55723,38.87829,28,Lake,1
-119.49351999999999,35.889586,28,Tulare,1
-122.055833,37.051389,28,Santa Cruz,1
-119.340833,35.594167,28,Kern,1
-119.271667,35.500556,29,Kern,1
-118.44636799999999,33.961018,29,Los Angeles,1
-120.07611100000001,38.438889,29,Calaveras,1
-118.437421,33.384064,29,Los Angeles,1
-122.47323,37.503766,29,San Mateo,1
-122.83762,39.10065,29,Lake,1
-122.6329,39.13645,29,Lake,1
-120.540833,38.228333,29,Calaveras,1
-121.795876,39.664949,30,Butte,1
-116.998926,33.303366,30,San Diego,1
-122.99083300000001,38.506389,30,Sonoma,1
-122.452386,37.690456,31,San Mateo,1
-118.508629,34.091814,31,Los Angeles,1
-118.32381000000001,34.497963,31,Los Angeles,1
-119.293754,34.282365999999996,31,Ventura,1
-118.54876200000001,34.089984,32,Los Angeles,1
-119.246944,35.768889,32,Kern,1
-121.97083300000001,38.525,32,Yolo,1
-120.608056,35.389444,32,San Luis Obispo,1
-120.8025,38.393056,32,Amador,1
-118.304543,33.78262,32,Los Angeles,1
-121.609167,38.161944,33,Sacramento,1
-118.38321,34.03281,33,Los Angeles,1
-118.478866,34.477689,33,Los Angeles,1
-116.543573,32.652402,33,San Diego,1
-119.00790900000001,36.064283,34,Tulare,1
-119.90416699999999,36.6025,34,Fresno,1
-122.48313799999998,38.504796999999996,34,Napa,1
-119.401944,37.066111,35,Fresno,1
-122.40708300000001,37.694842,36,San Mateo,1
-120.252778,36.648889000000004,36,Fresno,1
-121.190243,39.19741,36,Nevada,1
-121.084323,35.562844,36,San Luis Obispo,1
-117.26239199999999,32.964406,36,San Diego,1
-122.46446599999999,37.79734000000001,36,San Francisco,1
-117.74646299999999,34.144207,36,Los Angeles,1
-118.03015,34.035291,36,Los Angeles,1
-120.815,38.694722,36,El Dorado,1
-117.92675600000001,34.017494,36,Los Angeles,1
-120.31638899999999,36.501389,37,Fresno,1
-118.990444,34.810421999999996,37,Kern,1
-117.109205,34.207786,37,San Bernardino,1
-120.815,38.694722,37,El Dorado,1
-122.20865800000001,37.387118,38,San Mateo,1
-118.249875,33.904692,38,Los Angeles,1
-118.27492099999999,33.893471999999996,39,Los Angeles,1
-118.828333,35.209167,39,Kern,1
-122.36953700000001,37.820688,39,San Francisco,1
-122.1375,37.371389,39,Santa Clara,1
-117.63338799999998,34.360834000000004,39,San Bernardino,1
-117.09307,33.738058,40,Riverside,1
-124.14888899999998,41.867778,40,Del Norte,1
-122.9025,38.70777800000001,40,Sonoma,1
-116.966944,34.443889,40,San Bernardino,1
-118.822005,34.136925,40,Los Angeles,1
-122.061,37.038000000000004,40,Santa Cruz,1
-118.371706,34.038691,41,Los Angeles,1
-118.460393,33.972411,41,Los Angeles,1
-122.233333,37.816666999999995,42,Alameda,1
-117.189167,34.248333,42,San Bernardino,1
-123.384992,39.032328,43,Mendocino,1
-122.66666699999999,38.299721999999996,43,Sonoma,1
-120.659819,35.301667,43,San Luis Obispo,1
-122.2539,37.4299,43,San Mateo,1
-117.63611000000002,33.746109999999994,43,Orange,1
-122.509146,37.868567999999996,43,Marin,1
-118.456949,34.057291,44,Los Angeles,1
-119.03636000000002,34.218076,44,Ventura,1
-122.202983,37.45118,44,San Mateo,1
-120.58659399999999,38.761292,44,El Dorado,1
-119.419358,36.349117,45,Tulare,1
-120.9532,38.3703,45,Amador,1
-116.62101499999999,32.582877,45,San Diego,1
-117.30130600000001,33.72459,45,Riverside,1
-120.641944,37.981111,46,Calaveras,1
-122.524722,37.948611,46,Marin,1
-118.350807,33.778407,47,Los Angeles,1
-115.33116899999999,33.336559,47,Imperial,1
-120.85,37.05833300000001,47,Merced,1
-118.387153,34.036336,47,Los Angeles,1
-116.58084699999999,34.046955,47,San Bernardino,1
-118.37001000000001,34.310296,47,Los Angeles,1
-121.429152,39.011038,48,Yuba,1
-122.486349,37.546354,48,San Mateo,1
-116.37445600000001,33.722244,48,Riverside,1
-116.613056,32.604721999999995,48,San Diego,1
-117.11805600000001,33.838611,48,Riverside,1
-118.51853,35.63771699999999,49,Kern,1
-118.348176,33.984966,49,Los Angeles,1
-116.35505,33.89124,50,Riverside,1
-117.175,33.745833000000005,50,Riverside,1
-122.53111100000001,38.364444,50,Sonoma,1
-118.76203999999998,36.150892,51,Tulare,1
-122.52753700000001,38.542796,51,Napa,1
-118.560379,34.469938,52,Los Angeles,1
-117.587778,33.595833,52,Orange,1
-117.193611,33.279722,52,San Diego,1
-122.58867099999999,37.987086,52,Marin,1
-122.004981,40.894394,53,Shasta,1
-116.36936899999999,33.70740900000001,54,Riverside,1
-118.19448799999999,35.023790999999996,55,Kern,1
-122.958249,38.425589,55,Sonoma,1
-120.483333,37.3,55,Merced,1
-118.17141699999999,34.625588,56,Los Angeles,1
-118.06040700000001,34.010388,56,Los Angeles,1
-122.5312,37.876045,56,Marin,1
-117.950975,33.96025,56,Los Angeles,1
-120.37888899999999,35.656110999999996,56,San Luis Obispo,1
-121.69583300000001,38.16388900000001,57,Solano,2
-122.896111,38.481667,57,Sonoma,2
-122.485294,37.858934999999995,57,Marin,2
-122.026389,36.971944,58,Santa Cruz,2
-121.01628899999999,39.283254,58,Nevada,2
-118.153557,34.590253000000004,58,Los Angeles,2
-119.00079,34.275027,59,Ventura,2
-122.456667,37.873611,59,Marin,2
-119.286666,36.510523,60,Tulare,2
-119.82248500000001,36.189369,61,Kings,2
-117.82207199999999,33.814006,61,Orange,2
-121.76361100000001,36.92,62,Santa Cruz,2
-122.545156,37.906040999999995,62,Marin,2
-122.29777800000001,37.886944,63,Alameda,2
-122.21112600000001,38.375796,63,Napa,2
-122.3794,37.5741,63,San Mateo,2
-121.935833,37.941111,63,Contra Costa,2
-116.84503000000001,34.261117999999996,63,San Bernardino,2
-118.168371,34.068093,63,Los Angeles,2
-122.826944,38.399167,63,Sonoma,2
-122.55746200000002,37.952244,64,Marin,2
-116.78201000000001,32.6435,65,San Diego,2
-121.9533,36.9752,65,Santa Cruz,2
-120.837598,35.313404999999996,65,San Luis Obispo,2
-121.580872,39.799577,65,Butte,2
-120.84999199999999,35.365944,66,San Luis Obispo,2
-119.96000500000001,36.008623,66,Kings,2
-116.911422,34.243896,66,San Bernardino,2
-120.64805600000001,35.148333,66,San Luis Obispo,2
-122.47899,41.896083000000004,67,Siskiyou,2
-116.76638899999999,33.909167,67,Riverside,2
-121.94555600000001,36.986944,67,Santa Cruz,2
-118.330502,33.911054,67,Los Angeles,2
-117.61138899999999,33.875833,67,Riverside,2
-122.0147,37.0511,68,Santa Cruz,2
-120.01717,36.802306,68,Fresno,2
-117.650052,34.429272,68,San Bernardino,2
-123.82361100000001,40.234722,69,Humboldt,2
-120.932778,38.352778,69,Amador,2
-118.91416699999999,35.259722,69,Kern,2
-118.079722,33.788889000000005,70,Orange,2
-117.72511599999999,33.610170000000004,70,Orange,2
-122.45614099999999,37.873571999999996,71,Marin,2
-122.46818999999999,38.50624000000001,71,Napa,2
-122.075278,37.983610999999996,73,Contra Costa,2
-116.44053799999999,33.921539,74,Riverside,2
-118.02591699999999,34.003624,75,Los Angeles,2
-117.258008,32.993843,75,San Diego,2
-120.86666699999999,38.1,76,Calaveras,2
-114.619621,34.806179,76,San Bernardino,2
-121.13156200000002,39.106203,76,Nevada,2
-117.324444,34.743889,76,San Bernardino,2
-117.61,33.6,76,Orange,2
-117.07666699999999,33.365278,77,San Diego,2
-122.129722,37.835,78,Contra Costa,2
-119.34429399999999,36.206855,78,Tulare,2
-118.359629,34.254439,78,Los Angeles,2
-117.963631,34.112113,78,Los Angeles,2
-118.218433,33.858301000000004,79,Los Angeles,2
-118.25198600000002,34.068331,79,Los Angeles,2
-118.349778,34.026624,79,Los Angeles,2
-118.37229599999999,33.922831,79,Los Angeles,2
-118.302255,33.740218,80,Los Angeles,2
-118.447659,33.976535,80,Los Angeles,2
-119.30176999999999,34.398565999999995,80,Ventura,2
-119.2077,36.297669,81,Tulare,2
-122.79148,38.94307,83,Lake,2
-118.21613799999999,34.481365999999994,83,Los Angeles,2
-118.839304,34.172478000000005,83,Ventura,2
-120.698,35.325,84,San Luis Obispo,2
-117.204198,33.019952,85,San Diego,2
-118.05033200000001,34.168709,85,Los Angeles,2
-115.693904,32.790838,86,Imperial,2
-119.533971,36.49031,87,Tulare,2
-118.082551,34.161732,88,Los Angeles,2
-117.285599,34.241951,88,San Bernardino,2
-118.003247,34.123033,89,Los Angeles,2
-118.76201,34.183095,91,Ventura,2
-123.817676,39.738402,91,Mendocino,2
-117.97807,34.531079,92,Los Angeles,2
-122.45423999999998,40.581378,92,Shasta,2
-118.42911399999998,34.036458,93,Los Angeles,2
-119.70956699999999,35.63376500000001,93,Kern,2
-118.334892,34.043401,95,Los Angeles,2
-118.408801,34.041277,95,Los Angeles,2
-122.56166699999999,37.974403,95,Marin,2
-118.11323700000001,34.122367,96,Los Angeles,2
-116.977248,33.972515,97,Riverside,2
-118.017067,34.108069,97,Los Angeles,2
-118.81376499999999,36.696332,98,Tulare,2
-119.17770800000001,34.196119,98,Ventura,2
-122.408584,37.792016,98,San Francisco,2
-116.33874899999999,34.126721,99,San Bernardino,2
-116.05416699999999,34.135556,99,San Bernardino,2
-118.027068,34.041949,100,Los Angeles,2
-116.87723700000001,32.718851,101,San Diego,2
-122.39306699999999,37.789649,101,San Francisco,2
-119.310278,36.059166999999995,101,Tulare,2
-122.285278,37.831389,102,Alameda,2
-121.557993,39.020684,102,Yuba,2
-118.673426,34.444032,103,Los Angeles,2
-117.994826,33.927445,103,Los Angeles,2
-118.795,34.427197,103,Ventura,2
-116.2125,33.6225,104,Riverside,2
-119.202499,36.55023,104,Tulare,2
-118.460296,34.098692,106,Los Angeles,2
-122.38701100000002,37.769892999999996,106,San Francisco,2
-117.897777,34.534363,106,Los Angeles,2
-118.37406200000001,33.997128000000004,109,Los Angeles,2
-122.528263,37.925496,111,Marin,2
-118.397292,33.787212,111,Los Angeles,2
-123.70833300000001,41.188056,111,Humboldt,2
-118.240334,34.078256,111,Los Angeles,2
-123.71416699999999,39.865833,112,Mendocino,2
-118.784201,34.036840000000005,112,Los Angeles,2
-120.99166699999999,37.791667,113,San Joaquin,2
-119.487567,35.42838,115,Kern,2
-118.75041,34.271008,116,Ventura,2
-122.709167,38.327778,118,Sonoma,2
-118.260993,33.898562,118,Los Angeles,2
-122.266944,38.033056,118,Contra Costa,2
-123.017222,38.799167,119,Sonoma,2
-117.368333,33.825,119,Riverside,2
-120.77416699999999,38.348889,119,Amador,2
-118.35767299999999,34.15055,120,Los Angeles,2
-119.47438000000001,35.418624,120,Kern,2
-122.45720700000001,37.736027,121,San Francisco,2
-121.9075,36.981389,122,Santa Cruz,2
-117.984485,33.922235,122,Los Angeles,2
-118.343548,34.036097,122,Los Angeles,2
-122.31166699999999,37.915833,122,Contra Costa,2
-118.241598,34.046994,122,Los Angeles,2
-117.27683400000001,33.692301,123,Riverside,2
-122.03222199999999,37.850278,124,Contra Costa,2
-121.600278,37.908611,124,Contra Costa,2
-124.2,41.75,126,Del Norte,2
-122.298851,40.42948300000001,127,Shasta,2
-122.179722,37.882778,129,Contra Costa,2
-117.879958,35.16675,130,Kern,2
-118.8,36.23,130,Tulare,2
-118.355627,34.069731,131,Los Angeles,2
-122.0975,37.368056,131,Santa Clara,2
-122.019444,37.2725,131,Santa Clara,2
-117.98700000000001,33.7447,132,Orange,2
-119.078949,36.210707,133,Tulare,2
-119.483976,36.444593,133,Tulare,2
-117.670833,35.6225,133,Kern,2
-118.74091200000001,34.087782000000004,134,Los Angeles,2
-119.68668600000001,36.433282,134,Fresno,2
-117.11333300000001,33.741944000000004,134,Riverside,2
-118.374921,34.056936,135,Los Angeles,2
-120.61138899999999,35.102778,136,San Luis Obispo,2
-118.419399,34.052715,137,Los Angeles,2
-116.791972,32.844066999999995,137,San Diego,2
-121.97083300000001,38.525,138,Yolo,2
-120.706005,35.549694,139,San Luis Obispo,2
-122.27106,37.554947999999996,139,San Mateo,2
-118.33349199999999,34.035815,139,Los Angeles,2
-119.10666699999999,35.796667,140,Tulare,2
-118.365742,33.90952,140,Los Angeles,2
-118.402004,33.916897999999996,141,Los Angeles,2
-118.381794,34.042513,141,Los Angeles,2
-118.55257399999999,34.21498,142,Los Angeles,2
-118.971944,37.648610999999995,143,Mono,2
-118.42440400000001,34.11298,144,Los Angeles,2
-122.031944,37.323056,144,Santa Clara,2
-122.582477,38.581757,144,Napa,2
-118.24096899999999,34.06146,145,Los Angeles,2
-118.84465,34.161583,146,Ventura,2
-119.25131,34.457121,146,Ventura,2
-120.79861100000001,38.729721999999995,146,El Dorado,2
-122.826944,38.399167,147,Sonoma,2
-122.570457,38.106956,147,Marin,2
-116.289175,33.742799,147,Riverside,2
-122.27106,37.497516,147,San Mateo,2
-118.531425,34.046284,148,Los Angeles,2
-118.414497,33.979496000000005,148,Los Angeles,2
-120.695278,35.751389,149,San Luis Obispo,2
-118.971944,37.648610999999995,150,Mono,2
-115.927222,33.512778000000004,152,Riverside,2
-114.809269,32.900519,153,Imperial,2
-118.34230500000001,34.042790999999994,154,Los Angeles,2
-122.11805600000001,37.885833,155,Contra Costa,2
-121.78944399999999,36.940556,158,Santa Cruz,2
-122.290029,37.517802,160,San Mateo,2
-115.585871,33.065678000000005,160,Imperial,2
-118.348359,33.995554999999996,161,Los Angeles,2
-122.410852,37.804532,161,San Francisco,2
-120.829167,38.191666999999995,162,Calaveras,2
-121.06166499999999,39.221639,163,Nevada,2
-117.095906,33.979146,164,Riverside,2
-122.535352,37.933963,165,Marin,2
-120.987222,38.668889,167,El Dorado,2
-120.86694399999999,37.603056,169,Stanislaus,2
-118.046139,33.846322,169,Orange,2
-120.987222,38.668889,170,El Dorado,2
-120.62142800000001,35.121574,170,San Luis Obispo,2
-117.99328899999999,34.12409,170,Los Angeles,2
-118.434197,34.454977,172,Los Angeles,2
-121.887925,37.717269,172,Alameda,2
-118.33499199999999,33.888441,175,Los Angeles,2
-119.70872800000001,36.315187,175,Kings,2
-119.040833,35.96138900000001,181,Tulare,2
-120.09736799999999,34.584154,181,Santa Barbara,2
-122.441473,37.745915999999994,181,San Francisco,2
-116.18320700000001,33.565881,183,Imperial,2
-117.09088500000001,33.226252,183,San Diego,2
-122.96621,39.04584000000001,185,Lake,2
-122.15611100000001,38.063333,186,Solano,2
-117.654344,33.550805,186,Orange,2
-119.224883,36.399684,187,Tulare,2
-117.937941,34.572624,188,Los Angeles,2
-122.486066,37.745399,190,San Francisco,2
-121.66,39.275833,193,Sutter,2
-118.394492,34.044746999999994,193,Los Angeles,2
-116.14223500000001,33.640264,193,Riverside,2
-118.200156,34.209689000000004,194,Los Angeles,2
-118.607267,34.376825,195,Los Angeles,2
-120.20361100000001,39.342222,202,Nevada,2
-122.43836599999999,37.80093400000001,202,San Francisco,2
-118.08803300000001,34.047554999999996,203,Los Angeles,2
-118.30443100000001,34.102003,204,Los Angeles,2
-117.14735900000001,33.805509,204,Riverside,2
-121.96166699999999,37.236111,205,Santa Clara,2
-120.189167,36.606667,206,Fresno,2
-122.54052,38.9726,207,Lake,2
-118.378658,34.049595000000004,209,Los Angeles,2
-122.418411,37.595895,211,San Mateo,2
-118.760876,34.151007,212,Los Angeles,2
-118.218626,34.65244000000001,213,Los Angeles,2
-122.38046399999999,40.637943,216,Shasta,2
-122.494707,37.776769,216,San Francisco,2
-117.58698600000001,33.665508,217,Orange,2
-118.35346899999999,34.059456,217,Los Angeles,2
-117.434696,34.434038,217,San Bernardino,2
-117.1725,32.678056,218,San Diego,2
-120.214872,34.471656,218,Santa Barbara,2
-122.43540800000001,37.758059,219,San Francisco,2
-122.46260500000001,37.780093,219,San Francisco,2
-119.00790900000001,36.064283,220,Tulare,2
-120.850278,37.408611,220,Merced,2
-118.311191,33.967273,221,Los Angeles,2
-118.07188899999998,33.803201,223,Orange,2
-120.20039799999999,39.20555,224,Placer,2
-118.32462,34.044000000000004,226,Los Angeles,2
-121.12833300000001,37.740556,227,San Joaquin,2
-117.365068,33.641002,227,Riverside,2
-120.590725,35.118587,230,San Luis Obispo,2
-119.29234299999999,36.329924,230,Tulare,2
-122.32294399999999,40.606057,233,Shasta,2
-118.006976,34.03608,237,Los Angeles,2
-118.235266,34.232152,237,Los Angeles,2
-117.029174,32.672774,238,San Diego,2
-116.545569,33.901959999999995,239,Riverside,2
-118.299672,34.131749,243,Los Angeles,2
-118.37289399999999,34.07124,244,Los Angeles,2
-122.29111100000001,38.004444,246,Contra Costa,2
-117.57256299999999,34.426288,246,San Bernardino,2
-117.785357,33.542719,246,Orange,2
-120.248333,37.228611,247,Merced,2
-122.367428,37.568525,247,San Mateo,2
-122.48408300000001,37.722214,247,San Francisco,2
-120.99888899999999,37.257778,247,Merced,2
-119.683333,36.633333,249,Fresno,2
-116.390289,33.820018,250,Riverside,2
-119.059692,36.144890000000004,250,Tulare,2
-122.485127,37.758798999999996,251,San Francisco,2
-116.432235,34.114174,251,San Bernardino,2
-118.39643500000001,33.865241,253,Los Angeles,2
-116.887115,33.743607,255,Riverside,2
-118.273697,33.919783,255,Los Angeles,2
-117.26698200000001,33.764742,260,Riverside,2
-119.00385,34.224831,261,Ventura,2
-118.317456,33.793312,262,Los Angeles,2
-118.32887,34.069715,262,Los Angeles,2
-121.70555900000001,39.385866,264,Butte,2
-119.859444,36.431111,264,Fresno,2
-120.7675,37.645,265,Stanislaus,2
-116.46805,33.769852,266,Riverside,2
-118.25830800000001,34.119421,268,Los Angeles,2
-117.405956,33.887064,270,Riverside,2
-118.309409,33.951267,270,Los Angeles,2
-119.834562,36.542564,275,Fresno,2
-119.898454,34.436278,276,Santa Barbara,2
-122.28861100000002,38.017222,277,Contra Costa,2
-122.44766200000001,37.769436,277,San Francisco,2
-123.017222,38.799167,280,Sonoma,2
-118.389205,34.137440999999995,283,Los Angeles,2
-120.63333300000001,36.983333,283,Merced,2
-118.322769,34.02425,285,Los Angeles,2
-119.20883,35.382088,285,Kern,2
-119.16793999999999,34.279494,289,Ventura,2
-118.14479299999999,33.771725,289,Long Beach,2
-117.124574,34.062589,290,San Bernardino,2
-118.25500100000001,34.082177,292,Los Angeles,2
-120.698,35.325,294,San Luis Obispo,2
-118.353944,34.049526,295,Los Angeles,2
-118.0825,33.759167,298,Orange,2
-118.237642,34.092694,299,Los Angeles,2
-122.54111,38.06317,301,Marin,2
-118.168269,33.803005,304,Los Angeles,2
-122.56316000000001,38.117065000000004,305,Marin,2
-118.302397,34.029121999999994,306,Los Angeles,2
-119.09693100000001,36.413681,307,Tulare,2
-118.668881,34.13747,308,Los Angeles,2
-117.698912,33.467458,308,Orange,2
-117.87071,34.620978,308,Los Angeles,2
-122.0525,37.948056,309,Contra Costa,2
-122.295278,37.977222,310,Contra Costa,2
-119.290833,35.970278,312,Tulare,2
-118.15728899999999,34.110240000000005,314,Los Angeles,2
-118.83134,34.1924,314,Ventura,2
-117.99097900000001,34.040819,316,Los Angeles,2
-118.219949,34.857685,317,Kern,2
-119.87671100000001,34.414184999999996,318,Santa Barbara,2
-121.935833,37.702222,320,Alameda,2
-117.859319,34.033460999999996,321,Los Angeles,2
-122.86638899999998,38.6175,324,Sonoma,2
-122.258349,38.179634,325,Napa,2
-122.138056,37.429167,328,Santa Clara,2
-115.615473,33.190472,332,Imperial,2
-118.46206699999999,33.993790999999995,332,Los Angeles,2
-119.29234299999999,36.329924,332,Tulare,2
-118.485909,34.08524,334,Los Angeles,2
-122.5,38.366667,336,Sonoma,2
-118.363522,33.75538,338,Los Angeles,2
-122.11388899999999,37.694722,340,Alameda,2
-118.335877,34.023057,341,Los Angeles,2
-122.531979,37.973459999999996,343,Marin,2
-117.69866,33.591643,344,Orange,2
-122.81638899999999,38.547222,344,Sonoma,2
-119.34429399999999,36.206855,344,Tulare,2
-118.356007,34.038940999999994,345,Los Angeles,2
-122.695278,38.347221999999995,346,Sonoma,2
-121.0225,37.315,348,Stanislaus,2
-117.865044,34.100802,349,Los Angeles,2
-118.32453000000001,34.006034,349,Los Angeles,2
-118.28673899999998,33.932559999999995,351,Los Angeles,2
-121.082222,38.685833,356,El Dorado,2
-116.0979,33.461632,358,Riverside,2
-118.34636499999999,34.120515999999995,358,Los Angeles,2
-119.067431,36.325222,359,Tulare,2
-119.64944399999999,37.328056,360,Madera,2
-120.475999,35.042755,360,San Luis Obispo,2
-117.017283,34.895796000000004,360,San Bernardino,2
-118.436957,34.013245,364,Los Angeles,2
-117.313654,34.033903,364,San Bernardino,2
-117.523476,33.881265,365,Riverside,2
-118.29804299999999,33.999376,365,Los Angeles,2
-120.435997,34.865257,366,Santa Barbara,2
-120.456111,36.85888900000001,367,Fresno,2
-117.124328,33.583461,370,Riverside,2
-121.738056,38.553889,370,Yolo,2
-119.286666,36.510523,372,Tulare,2
-118.93879,34.180806,373,Ventura,2
-124.142778,40.769721999999994,374,Humboldt,2
-122.4354,37.490308,375,San Mateo,2
-122.08638899999998,37.694167,378,Alameda,2
-117.03136299999998,32.969113,381,San Diego,2
-122.0,37.821667,383,Contra Costa,2
-117.630248,33.627933,387,Orange,2
-116.95851599999999,33.736753,388,Riverside,2
-118.07921599999999,34.115475,392,Los Angeles,2
-120.670726,35.489416999999996,396,San Luis Obispo,2
-122.406044,37.75826,396,San Francisco,2
-118.42431100000002,33.989764,397,Los Angeles,2
-120.856944,37.769166999999996,398,Stanislaus,2
-120.763323,39.064633,399,Placer,2
-118.362349,34.029571000000004,401,Los Angeles,2
-118.325579,34.054301,404,Los Angeles,2
-118.08063,33.867577000000004,404,Los Angeles,2
-118.304855,34.094457,405,Los Angeles,2
-114.588902,33.610393,408,Riverside,2
-118.39705900000001,33.889428,408,Los Angeles,2
-122.13416699999999,38.019444,411,Contra Costa,2
-121.97805600000001,37.78,411,Contra Costa,2
-119.39495500000001,36.517096,415,Tulare,2
-116.877082,33.037247,419,San Diego,2
-120.10305600000001,36.202778,419,Fresno,2
-117.726298,33.568459999999995,421,Orange,3
-118.39680600000001,34.005798,423,Los Angeles,3
-121.955,37.283889,426,Santa Clara,3
-119.19698999999999,34.154211,430,Ventura,3
-120.128876,36.004087,433,Kings,3
-119.21873000000001,34.188809,434,Ventura,3
-117.95878700000002,34.043568,436,Los Angeles,3
-122.81638899999999,38.547222,441,Sonoma,3
-117.495958,33.766606,449,Riverside,3
-117.715319,34.125904,449,Los Angeles,3
-121.15777800000001,38.672222,451,Sacramento,3
-122.18028100000001,37.448491,451,San Mateo,3
-118.43813700000001,34.065931,452,Los Angeles,3
-119.55388899999998,36.513889,454,Fresno,3
-122.27444399999999,37.756111,456,Alameda,3
-119.06391,34.227201,459,Ventura,3
-118.139478,33.760214000000005,460,Long Beach,3
-118.557024,34.279694,465,Los Angeles,3
-121.826944,38.449166999999996,466,Solano,3
-121.55083300000001,39.127778,475,Yuba,3
-118.292604,33.825207,477,Los Angeles,3
-118.40607,33.952357,478,Los Angeles,3
-118.8721,34.198715,479,Ventura,3
-122.437253,37.785969,481,San Francisco,3
-116.085007,33.576657,484,Riverside,3
-116.926798,32.856093,485,San Diego,3
-118.271077,34.070245,487,Los Angeles,3
-121.55083300000001,39.127778,488,Yuba,3
-119.32693,34.343276,491,Ventura,3
-117.74145,33.529249,495,Orange,3
-122.42973700000002,37.62107,495,San Mateo,3
-120.36027800000001,36.139722,497,Fresno,3
-117.875822,34.075619,498,Los Angeles,3
-117.26831100000001,33.045761999999996,503,San Diego,3
-121.87472199999999,37.6625,506,Alameda,3
-117.59511599999999,33.927859999999995,507,Riverside,3
-119.97718700000001,38.939926,514,El Dorado,3
-115.236341,32.767433000000004,516,Imperial,3
-118.113299,33.823521,525,Long Beach,3
-119.2077,36.297669,525,Tulare,3
-118.88349,34.299439,529,Ventura,3
-117.03179499999999,32.742202,531,San Diego,3
-122.016944,38.245,532,Solano,3
-118.32928700000001,34.255065,532,Los Angeles,3
-122.59808999999998,38.098221,532,Marin,3
-118.29638600000001,33.781993,541,Los Angeles,3
-118.45048100000001,34.040753,543,Los Angeles,3
-117.770312,34.120692,546,Los Angeles,3
-122.0308,36.9741,549,Santa Cruz,3
-117.900292,33.916475,552,Orange,3
-118.92303999999999,34.405066,553,Ventura,3
-119.468953,35.126049,556,Kern,3
-115.491124,32.728313,556,Imperial,3
-117.95624299999999,33.720285,560,Orange,3
-117.897148,34.123231,562,Los Angeles,3
-118.072804,33.830337,563,Los Angeles,3
-118.78975600000001,35.451612,563,Kern,3
-118.057952,34.102167,571,Los Angeles,3
-121.556649,39.51384,574,Butte,3
-121.7125,37.9975,575,Contra Costa,3
-117.296361,33.837219,580,Riverside,3
-121.58333300000001,39.15,583,Yuba,3
-118.39515300000001,34.163461,584,Los Angeles,3
-118.037297,34.134186,584,Los Angeles,3
-118.300377,34.065378,586,Los Angeles,3
-116.98805800000001,32.839658,592,San Diego,3
-121.28861100000002,37.816944,595,San Joaquin,3
-118.412847,34.023755,597,Los Angeles,3
-117.620278,33.437778,598,Orange,3
-118.036851,33.816937,598,Orange,3
-122.45888899999999,38.28888900000001,598,Sonoma,3
-118.304644,34.043582,598,Los Angeles,3
-117.808944,34.108201,599,Los Angeles,3
-119.0169,35.3874,610,Kern,3
-118.37398,34.274649,613,Los Angeles,3
-120.266667,37.116667,613,Madera,3
-117.25173899999999,33.37523,614,San Diego,3
-118.216378,34.099553,617,Los Angeles,3
-117.26115300000001,34.048347,618,San Bernardino,3
-122.03333300000001,37.533333,618,Alameda,3
-118.28849699999999,34.251129999999996,620,Los Angeles,3
-117.81613,33.999164,620,Los Angeles,3
-117.95053100000001,34.160940000000004,626,Los Angeles,3
-121.895,37.434722,628,Santa Clara,3
-120.61333300000001,37.388333,629,Merced,3
-118.062518,33.933048,630,Los Angeles,3
-118.15191399999999,33.996345,631,Los Angeles,3
-117.683894,33.506334,631,Orange,3
-118.63606999999999,34.211472,636,Los Angeles,3
-120.77861100000001,37.432221999999996,638,Merced,3
-118.37665600000001,33.857406,638,Los Angeles,3
-118.371765,34.088278,639,Los Angeles,3
-118.06858700000001,33.867752,642,Los Angeles,3
-122.41116399999999,37.773152,644,San Francisco,3
-121.30305600000001,38.260833,646,Sacramento,3
-122.081944,37.389444,648,Santa Clara,3
-119.162323,36.590272,648,Tulare,3
-117.293586,33.616152,652,Riverside,3
-122.065,37.906389000000004,660,Contra Costa,3
-118.18210400000001,33.832434,660,Long Beach,3
-121.654444,37.130556,662,Santa Clara,3
-122.695278,38.347221999999995,673,Sonoma,3
-119.560654,36.097923,676,Kings,3
-118.356095,34.014825,678,Los Angeles,3
-119.31361100000001,36.624444,685,Fresno,3
-117.117222,32.578333,687,San Diego,3
-118.270242,34.095701,690,Los Angeles,3
-118.099093,34.094844,690,Los Angeles,3
-119.078949,36.210707,693,Tulare,3
-118.292538,34.09217,698,Los Angeles,3
-122.63138899999998,38.24583300000001,701,Sonoma,3
-122.422444,37.795388,701,San Francisco,3
-119.27,35.8825,709,Tulare,3
-118.01046200000002,33.794740000000004,712,Orange,3
-118.35315600000001,33.888463,712,Los Angeles,3
-117.977406,34.057144,713,Los Angeles,3
-118.195596,33.894857,714,Los Angeles,3
-122.54588999999999,38.019022,715,Marin,3
-121.69583300000001,37.931944,724,Contra Costa,3
-119.23158000000001,34.279644,731,Ventura,3
-118.117951,33.796833,732,Long Beach,3
-118.20520900000001,34.135207,737,Los Angeles,3
-122.272778,37.871666999999995,749,Alameda,3
-118.35860100000001,33.938019,749,Los Angeles,3
-118.40210900000001,34.078542999999996,750,Los Angeles,3
-118.294776,33.968255,752,Los Angeles,3
-116.955647,33.968697999999996,763,Riverside,3
-118.231508,34.118241999999995,770,Los Angeles,3
-118.59608899999999,34.256617,777,Los Angeles,3
-118.22195,33.968237,777,Los Angeles,3
-118.135675,34.193482,783,Los Angeles,3
-118.501697,34.155925,783,Los Angeles,3
-121.83461000000001,36.615813,788,Monterey,3
-120.65961599999999,35.282752,791,San Luis Obispo,3
-119.016667,35.366667,795,Kern,3
-117.87184199999999,33.96744,796,Los Angeles,3
-118.42650400000001,34.182525,798,Los Angeles,3
-119.2088,35.3821,805,Kern,3
-122.419339,37.779584,808,San Francisco,3
-118.549107,34.156974,815,Los Angeles,3
-117.834681,33.890894,826,Orange,3
-117.022602,32.766092,829,San Diego,3
-117.28265400000001,33.130701,831,San Diego,3
-117.992121,34.165036,838,Los Angeles,3
-118.70833,34.288346999999995,843,Ventura,3
-117.904177,34.012262,854,Los Angeles,3
-121.132778,37.473056,857,Stanislaus,3
-123.207778,39.150278,860,Mendocino,3
-120.943611,37.731389,863,Stanislaus,3
-117.93010600000001,34.04005,871,Los Angeles,3
-118.328048,33.983083,893,Los Angeles,3
-118.04831499999999,34.049352,893,Los Angeles,3
-116.344796,33.660872999999995,896,Riverside,3
-118.25780300000001,34.044724,897,Los Angeles,3
-122.04833300000001,37.596389,898,Alameda,3
-119.18581,34.230453000000004,899,Ventura,3
-117.70868899999999,33.656746000000005,910,Orange,3
-122.390945,40.583759,912,Shasta,3
-119.07198999999999,34.363677,918,Ventura,3
-120.06,36.723611,919,Fresno,3
-120.45794099999999,34.63915,922,Santa Barbara,3
-118.08227099999999,34.068882,935,Los Angeles,3
-120.723611,37.386944,938,Merced,3
-118.00932,33.90251,939,Los Angeles,3
-121.53027800000001,38.580556,945,Yolo,3
-117.73060900000002,33.602,948,Orange,3
-118.457528,34.266942,950,Los Angeles,3
-119.78299299999999,36.300838,955,Kings,3
-118.307847,34.035612,960,Los Angeles,3
-121.96166699999999,38.029167,967,Contra Costa,3
-119.284618,35.67805300000001,972,Kern,3
-121.669722,36.775833,973,Monterey,3
-122.413555,37.721046,992,San Francisco,3
-120.381667,36.753611,997,Fresno,3
-121.768056,37.681944,1002,Alameda,3
-118.481816,34.023052,1004,Los Angeles,3
-118.263144,33.950734000000004,1007,Los Angeles,3
-118.930775,35.263374,1010,Kern,3
-121.302778,38.589166999999996,1016,Sacramento,3
-121.28333300000001,38.7,1021,Sacramento,3
-117.88583500000001,33.881894,1025,Orange,3
-120.49715800000001,34.678364,1026,Santa Barbara,3
-121.92333300000001,36.555278,1034,Monterey,3
-118.13253,34.049708,1034,Los Angeles,3
-120.65450200000001,35.636876,1042,San Luis Obispo,3
-122.0375,37.371111,1051,Santa Clara,3
-118.19400300000001,33.769156,1092,Long Beach,3
-118.06890700000001,33.976609,1094,Los Angeles,3
-118.29466000000001,33.866487,1096,Los Angeles,3
-117.73258500000001,33.989819,1105,San Bernardino,3
-118.155654,33.782746,1107,Long Beach,3
-118.43623799999999,34.288671,1120,Los Angeles,3
-119.526944,36.611667,1120,Fresno,3
-116.382825,33.729027,1123,Riverside,3
-118.604522,34.16635,1128,Los Angeles,3
-118.78461999999999,34.264536,1133,Ventura,3
-118.029078,33.746996,1141,Orange,3
-121.969167,37.354444,1144,Santa Clara,3
-118.216885,33.810148,1153,Long Beach,3
-118.44768700000002,35.12911500000001,1155,Kern,3
-117.978311,34.000107,1166,Los Angeles,3
-117.04308600000002,34.033625,1166,San Bernardino,3
-116.704031,33.771553000000004,1169,Riverside,3
-122.359998,38.285942,1170,Napa,3
-122.418411,37.65319,1173,San Mateo,3
-118.183118,33.963116,1174,Los Angeles,3
-118.20536399999999,34.081157,1181,Los Angeles,3
-120.85,37.05833300000001,1192,Merced,3
-118.49822900000001,34.198949,1195,Los Angeles,3
-117.06106499999999,33.896342,1196,Riverside,3
-116.61533999999999,33.961634000000004,1197,Riverside,3
-115.73385,32.849187,1201,Imperial,3
-119.255323,36.32768,1207,Tulare,3
-117.94077800000001,33.61799,1217,Orange,3
-117.65215,33.971305,1226,Riverside,3
-118.29533799999999,34.068376,1227,Los Angeles,3
-117.56086100000002,34.591254,1228,San Bernardino,3
-117.15726399999998,33.501366,1229,Riverside,3
-118.27883500000002,34.027991,1235,Los Angeles,3
-117.02426799999999,33.794605,1236,Riverside,3
-118.187118,34.112134000000005,1246,Los Angeles,3
-117.170654,33.139888,1254,San Diego,3
-119.69819,34.42083,1268,Santa Barbara,3
-118.304346,34.054588,1279,Los Angeles,3
-121.972778,38.353889,1284,Solano,3
-122.15611100000001,37.725,1285,Alameda,3
-118.439071,34.15242,1294,Los Angeles,3
-118.84597600000001,35.196467,1305,Kern,3
-122.63138899999998,38.24583300000001,1308,Sonoma,3
-119.294577,35.481604,1318,Kern,3
-117.846736,34.144935,1319,Los Angeles,3
-118.26773999999999,34.069826,1326,Los Angeles,3
-118.307231,33.894352000000005,1335,Los Angeles,3
-121.77333300000001,38.678611,1362,Yolo,3
-117.38781000000002,33.688474,1367,Riverside,3
-120.609167,37.34777800000001,1370,Merced,3
-122.11782600000001,37.453055,1370,San Mateo,3
-117.39588,34.07029,1374,San Bernardino,3
-118.35386000000001,34.100299,1374,Los Angeles,3
-117.18587600000001,34.500831,1396,San Bernardino,3
-117.26848000000001,33.57744,1408,Riverside,3
-120.228219,36.9,1409,Madera,3
-118.504152,34.291056,1413,Los Angeles,3
-118.17751499999999,34.081112,1414,Los Angeles,3
-118.135504,34.083960999999995,1422,Los Angeles,3
-119.555833,36.708056,1428,Fresno,3
-117.83671399999999,33.733512,1432,Orange,3
-118.9063,35.5217,1435,Kern,3
-119.450278,36.596389,1443,Fresno,3
-119.383103,36.303352000000004,1447,Tulare,3
-118.122171,33.84707,1448,Los Angeles,3
-122.382779,37.728895,1465,San Francisco,3
-117.243746,33.201367,1474,San Diego,3
-117.689778,34.07751,1477,San Bernardino,3
-118.297919,34.018599,1485,Los Angeles,3
-118.575929,34.213111,1489,Los Angeles,3
-118.19574899999999,33.804491999999996,1492,Long Beach,3
-121.62611100000001,39.134722,1509,Sutter,3
-119.1856,35.1269,1534,Kern,3
-117.881821,34.090264000000005,1544,Los Angeles,3
-118.341633,33.834625,1559,Los Angeles,3
-119.1274,35.3734,1563,Kern,3
-119.611944,36.570833,1566,Fresno,3
-118.18766200000002,33.98852,1572,Los Angeles,3
-118.25150500000001,33.916576,1575,Los Angeles,3
-118.98200000000001,35.3965,1580,Kern,3
-117.965359,33.926246,1591,Orange,3
-121.7569,36.9102,1591,Santa Cruz,3
-122.345556,37.962222,1600,Contra Costa,3
-119.40681799999999,35.58495999999999,1602,Kern,3
-121.988611,37.548333,1615,Alameda,3
-118.26798500000001,33.932641,1633,Los Angeles,3
-117.64838799999998,34.09751,1642,San Bernardino,3
-122.3255,37.563,1643,San Mateo,3
-116.99986899999999,32.744752000000005,1662,San Diego,3
-118.30248300000001,33.934033,1662,Los Angeles,3
-118.52853,34.237368,1672,Los Angeles,3
-117.998139,33.867404,1676,Orange,3
-117.258498,33.692352,1683,Riverside,3
-118.431775,34.241478,1684,Los Angeles,3
-122.704722,38.448611,1689,Sonoma,3
-121.58,37.011944,1697,Santa Clara,3
-117.208651,34.128344,1701,San Bernardino,3
-122.41520200000001,37.750021999999994,1712,San Francisco,3
-117.912351,34.138622,1716,Los Angeles,3
-117.95333799999999,34.032209,1718,Los Angeles,3
-118.179783,33.980058,1741,Los Angeles,3
-122.486349,37.68,1747,San Mateo,3
-118.29801599999999,33.981859,1780,Los Angeles,3
-121.22083300000001,37.802778,1813,San Joaquin,3
-119.703056,36.825278000000004,1821,Fresno,3
-117.095883,32.672397,1840,San Diego,3
-122.44293600000002,37.720366999999996,1849,San Francisco,3
-121.433889,37.738056,1851,San Joaquin,3
-119.17941,34.20211,1859,Ventura,3
-117.8436,33.686502000000004,1860,Orange,3
-118.32348700000001,34.1879,1880,Los Angeles,3
-117.060185,33.725795,1887,Riverside,3
-119.39495500000001,36.517096,1893,Tulare,3
-118.280491,34.045761999999996,1923,Los Angeles,3
-118.253276,33.785869,1936,Los Angeles,3
-121.280833,38.128889,1963,San Joaquin,3
-118.35548100000001,34.227522,1975,Los Angeles,3
-117.904743,33.663844,1993,Orange,3
-117.182538,34.055569,2021,San Bernardino,3
-118.25587800000001,33.837391,2031,Los Angeles,3
-122.51483999999999,37.972423,2040,Marin,3
-116.534922,33.822583,2064,Riverside,3
-118.282068,33.954326,2067,Los Angeles,3
-118.03119099999999,33.933626000000004,2083,Los Angeles,3
-121.884722,38.028056,2087,Contra Costa,3
-121.837651,39.728494,2094,Butte,3
-118.284679,33.736684000000004,2103,Los Angeles,3
-118.34769399999999,33.914649,2114,Los Angeles,3
-118.33458600000002,34.082723,2120,Los Angeles,3
-118.241149,33.940452,2124,Los Angeles,3
-118.478218,34.238739,2130,Los Angeles,3
-119.64573,36.32742800000001,2136,Kings,3
-119.394714,36.369601,2144,Tulare,3
-117.309647,33.228541,2158,San Diego,3
-120.957222,37.60138900000001,2160,Stanislaus,3
-122.2364,37.4852,2163,San Mateo,3
-118.628355,34.610162,2166,Los Angeles,3
-115.33116899999999,33.000108000000004,2167,Imperial,3
-118.18775900000001,33.783221999999995,2208,Long Beach,3
-118.274297,33.999717,2210,Los Angeles,3
-118.155014,33.966322999999996,2216,Los Angeles,3
-120.060833,36.961389000000004,2222,Madera,3
-119.304631,35.754264,2258,Kern,3
-118.600829,34.208098,2264,Los Angeles,3
-119.0285,35.3441,2286,Kern,3
-119.0576,35.3516,2299,Kern,3
-118.258141,34.016399,2321,Los Angeles,3
-120.84888899999999,37.505833,2322,Stanislaus,3
-116.96520600000001,32.80148,2363,San Diego,3
-122.05416699999999,38.257778,2364,Solano,3
-122.23583300000001,38.113056,2374,Solano,3
-117.300878,34.426389,2389,San Bernardino,3
-119.14726999999999,34.172457,2396,Ventura,3
-117.31365500000001,34.073902000000004,2416,San Bernardino,3
-121.805833,38.005,2467,Contra Costa,3
-122.03111100000001,37.978056,2494,Contra Costa,3
-119.0227,35.1091,2497,Kern,3
-121.38194399999999,38.438333,2506,Sacramento,3
-117.2912,33.791973,2514,Riverside,3
-118.267376,33.974897,2521,Los Angeles,3
-118.272224,34.057208,2528,Los Angeles,3
-118.01880600000001,33.967844,2552,Los Angeles,3
-118.300192,34.000114,2557,Los Angeles,3
-118.11079699999999,34.015436,2560,Los Angeles,3
-118.00027800000001,33.692778000000004,2569,Orange,3
-118.53857099999999,34.198926,2586,Los Angeles,3
-117.078906,33.125218,2593,San Diego,3
-118.233106,34.041546999999994,2606,Los Angeles,3
-118.12713600000001,33.888021,2639,Los Angeles,3
-118.165144,33.89765,2648,Los Angeles,3
-117.88746499999999,33.807614,2721,Orange,3
-118.08873500000001,33.990124,2734,Los Angeles,3
-118.138912,34.159752000000005,2757,Los Angeles,3
-117.925205,33.871972,2799,Orange,3
-119.34429399999999,36.206855,2825,Tulare,3
-116.182425,33.686059,2874,Riverside,3
-119.00790900000001,36.064283,2913,Tulare,3
-118.177401,33.866265999999996,3173,Long Beach,4
-118.344474,33.956528999999996,3178,Los Angeles,4
-118.216706,33.979987,3180,Los Angeles,4
-117.94063899999999,33.77322,3214,Orange,4
-117.91128799999998,34.055423,3243,Los Angeles,4
-118.7898,35.4516,3261,Kern,4
-118.25156499999999,34.000396,3283,Los Angeles,4
-117.593108,34.106398999999996,3334,San Bernardino,4
-117.97214199999999,34.082840999999995,3344,Los Angeles,4
-115.57746000000002,32.783359000000004,3366,Imperial,4
-117.648816,33.859320000000004,3419,Riverside,4
-121.302209,38.881984,3431,Placer,4
-118.444601,34.224297,3431,Los Angeles,4
-120.483333,37.3,3453,Merced,4
-122.08079599999999,37.668820000000004,3454,Alameda,4
-120.90527800000001,36.020556,3509,Monterey,4
-122.347778,37.935833,3539,Contra Costa,4
-118.46279799999999,34.201032,3569,Los Angeles,4
-118.201664,33.923953999999995,3609,Los Angeles,4
-117.529214,33.992044,3654,Riverside,4
-118.082884,33.90687,3706,Los Angeles,4
-118.244629,33.968138,3797,Los Angeles,4
-118.44715500000001,34.313096,3817,Los Angeles,4
-115.57995,32.682646999999996,3886,Imperial,4
-117.68894399999999,34.012235,3924,San Bernardino,4
-116.215422,33.718907,3959,Riverside,4
-118.41676799999999,34.265724,4008,Los Angeles,4
-117.29276399999999,34.536218,4030,San Bernardino,4
-120.43571899999999,34.953034,4120,Santa Barbara,4
-118.175352,34.693444,4188,Los Angeles,4
-118.49647900000001,34.41748,4193,Los Angeles,4
-117.370324,34.1064,4207,San Bernardino,4
-122.704722,38.448611,4372,Sonoma,4
-118.22753,33.892938,4430,Los Angeles,4
-118.246803,34.181933,4462,Los Angeles,4
-118.39076899999999,34.190006,4571,Los Angeles,4
-118.131148,33.937862,4574,Los Angeles,4
-118.9762,35.2421,4635,Kern,4
-118.20533,34.03815,4671,Los Angeles,4
-121.655556,36.677778,4837,Monterey,4
-118.029074,34.073948,4842,Los Angeles,4
-118.192526,33.944713,4907,Los Angeles,4
-118.10568500000001,34.594429,5023,Los Angeles,4
-117.650888,34.063344,5859,San Bernardino,4
-121.655556,36.677778,5883,Monterey,4
-117.762596,34.058481,6137,Los Angeles,4
-120.994444,37.661389,6461,Stanislaus,4
-117.26246599999999,33.921775,6758,Riverside,4
-117.00599299999999,32.632325,6970,San Diego,4
-118.16918899999999,34.032672999999996,7000,Los Angeles,4
-117.435048,34.092234000000005,8331,San Bernardino,4
-122.27083300000001,37.804444000000004,9021,Alameda,4
-117.469568,33.945996,9388,Riverside,4
-117.28976499999999,34.108345,9812,San Bernardino,4
-117.88972199999999,33.836110999999995,10017,Orange,4
-121.30083300000001,37.975556,10022,San Joaquin,4
-117.88138899999998,33.740833,11308,Orange,4
-118.161014,33.805559,13013,Los Angeles,4
-121.494444,38.581666999999996,14476,Sacramento,4
-121.9,37.333333,15817,Santa Clara,4
-119.766667,36.75,17052,Fresno,4
-117.14896200000001,32.69247,23644,San Diego,4
